학교ID,학교명,학교급구분,설립일자,설립형태,본교분교구분,운영상태,소재지지번주소,소재지도로명주소,시도교육청코드,시도교육청명,교육지원청코드,교육지원청명,생성일자,변경일자,위도,경도,데이터기준일자,제공기관코드,제공기관명
B000013333,진주외국어고등학교,고등학교,1970-12-26,사립,본교,운영,경상남도 진주시 일반성면 개암리 884,경상남도 진주시 일반성면 동부로 2014-6,9010000,경상남도교육청,9051000,경상남도진주교육지원청,2013-11-29,2020-09-22,35.1696561814,128.2816679523,2021-03-25,7001220,한국교원대학교
B000022925,용남고등학교,고등학교,1991-03-09,공립,본교,운영,충청남도 계룡시 신도안면 남선리 1278,충청남도 계룡시 신도안면 신도안1길 32,8140000,충청남도교육청,8222000,충청남도논산계룡교육지원청,2013-11-29,2020-09-22,36.2943092118,127.2447646202,2021-03-25,7001220,한국교원대학교
B000010931,장곡중학교,중학교,2001-03-06,공립,본교,운영,경상북도 칠곡군 석적읍 중리 246,경상북도 칠곡군 석적읍 남중리8길 13,8750000,경상북도교육청,8941000,경상북도칠곡교육지원청,2013-11-29,2020-09-22,36.0734554758,128.4150883,2021-03-25,7001220,한국교원대학교
B000011284,대정중학교,중학교,1946-11-08,공립,본교,운영,제주특별자치도 서귀포시 대정읍 하모리 778,제주특별자치도 서귀포시 대정읍 비행장로 18,9290000,제주특별자치도교육청,9299000,제주특별자치도서귀포시교육지원청,2013-11-29,2020-09-22,33.2199616211,126.2532326652,2021-03-25,7001220,한국교원대학교
B000008177,안천중학교,중학교,1991-03-01,공립,본교,운영,서울특별시 금천구 독산동 1089,서울특별시 금천구 한내로 69-44,7010000,서울특별시교육청,7041000,서울특별시남부교육지원청,2013-11-29,2020-09-22,37.4595242629,126.8874987711,2021-03-25,7001220,한국교원대학교
B000003367,대전동광초등학교,초등학교,1936-04-13,공립,본교,운영,대전광역시 동구 자양동 94-3,대전광역시 동구 백룡로11번길 20,7430000,대전광역시교육청,7441000,대전광역시동부교육지원청,2013-11-29,2020-09-22,36.3373475952,127.4495504701,2021-03-25,7001220,한국교원대학교
B000012725,봉일천고등학교,고등학교,2007-03-06,공립,본교,운영,경기도 파주시 조리읍 봉일천리 254-2,경기도 파주시 조리읍 소곡로 54,7530000,경기도교육청,7681000,경기도파주교육지원청,2013-11-29,2020-09-22,37.7469903612,126.8162726085,2021-03-25,7001220,한국교원대학교
B000009526,안성중학교,중학교,1939-03-24,공립,본교,운영,경기도 안성시 금산동 33-12,경기도 안성시 금산길 43,7530000,경기도교육청,7761000,경기도안성교육지원청,2013-11-29,2020-09-22,37.0133133267,127.2704647904,2021-03-25,7001220,한국교원대학교
B000002131,서울잠일초등학교,초등학교,1976-03-12,공립,본교,운영,서울특별시 송파구 잠실동 19-1,서울특별시 송파구 올림픽로 95,7010000,서울특별시교육청,7130000,서울특별시강동송파교육지원청,2013-11-29,2020-09-22,37.5147416618,127.0816362169,2021-03-25,7001220,한국교원대학교
B000008476,태종대중학교,중학교,1974-12-21,공립,본교,운영,부산광역시 영도구 동삼동 523-1,부산광역시 영도구 함지로79번길 9,7150000,부산광역시교육청,7171000,부산광역시서부교육지원청,2013-11-29,2020-09-22,35.0736739612,129.0649204552,2021-03-25,7001220,한국교원대학교
B000002570,혜화초등학교,초등학교,1965-01-27,사립,본교,운영,부산광역시 동래구 명장동 산12,부산광역시 동래구 명장로99번길 25,7150000,부산광역시교육청,7191000,부산광역시동래교육지원청,2013-11-29,2020-09-22,35.2022604661,129.1132938270,2021-03-25,7001220,한국교원대학교
B000002601,연신초등학교,초등학교,1984-03-01,공립,본교,운영,부산광역시 연제구 연산동 302-1,부산광역시 연제구 신금로23번길 30,7150000,부산광역시교육청,7191000,부산광역시동래교육지원청,2013-11-29,2020-09-22,35.1924823057,129.0931595056,2021-03-25,7001220,한국교원대학교
B000011331,홍익디자인고등학교,고등학교,1968-03-01,사립,본교,운영,서울특별시 마포구 연남동 369-1,서울특별시 마포구 성미산로 111,7010000,서울특별시교육청,7031000,서울특별시서부교육지원청,2013-11-29,2020-09-22,37.5635106357,126.9191662788,2021-03-25,7001220,한국교원대학교
B000011107,한림중학교,중학교,1952-06-20,사립,본교,운영,경상남도 김해시 한림면 장방리 346,경상남도 김해시 한림면 한림로365번길 33,9010000,경상남도교육청,9091000,경상남도김해교육지원청,2013-11-29,2020-09-22,35.3217216196,128.7996056366,2021-03-25,7001220,한국교원대학교
B000012051,영락고등학교,고등학교,1959-04-09,사립,본교,운영,서울특별시 관악구 봉천동 1558-1,서울특별시 관악구 청룡16길 25,7010000,서울특별시교육청,7132000,서울특별시동작관악교육지원청,2013-11-29,2020-09-22,37.4765425944,126.9454163856,2021-03-25,7001220,한국교원대학교
B000008271,오주중학교,중학교,1984-09-01,공립,본교,운영,서울특별시 송파구 오금동 59,서울특별시 송파구 동남로 281,7010000,서울특별시교육청,7130000,서울특별시강동송파교육지원청,2013-11-29,2020-09-22,37.5015066068,127.1362652938,2021-03-25,7001220,한국교원대학교
B000005363,남이초등학교,초등학교,1923-10-22,공립,본교,운영,충청북도 청주시 서원구 남이면 대련리 255,충청북도 청주시 서원구 남이면 대련길 61,8000000,충청북도교육청,8011000,충청북도청주교육지원청,2013-11-29,2020-09-22,36.5770967986,127.4542168,2021-03-25,7001220,한국교원대학교
B000023774,심인중학교,중학교,1955-05-15,사립,본교,운영,대구광역시 달성군 다사읍 죽곡리 820,대구광역시 달성군 다사읍 대실역남로1길 21,7240000,대구광역시교육청,7281000,대구광역시달성교육지원청,2013-11-29,2021-03-23,35.8530885400,128.4678978715,2021-03-25,7001220,한국교원대학교
B000024035,대구대실초등학교,초등학교,2016-03-01,공립,본교,운영,대구광역시 달성군 다사읍 죽곡리 820,대구광역시 달성군 다사읍 대실역남로1길 31,7240000,대구광역시교육청,7281000,대구광역시달성교육지원청,2013-11-29,2020-09-22,35.8530885400,128.4678978715,2021-03-25,7001220,한국교원대학교
B000008732,용산중학교,중학교,1985-03-01,공립,본교,운영,대구광역시 달서구 용산동 888,대구광역시 달서구 와룡로45길 72,7240000,대구광역시교육청,7271000,대구광역시남부교육지원청,2013-11-29,2020-09-22,35.8541645475,128.5323609370,2021-03-25,7001220,한국교원대학교
B000003306,송정중앙초등학교,초등학교,1967-10-14,공립,본교,운영,광주광역시 광산구 소촌동 432,광주광역시 광산구 어등대로653번길 90,7380000,광주광역시교육청,7401000,광주광역시서부교육지원청,2013-11-29,2020-09-22,35.1478478065,126.7950110275,2021-03-25,7001220,한국교원대학교
B000012687,일산대진고등학교,고등학교,1995-03-01,사립,본교,운영,경기도 고양시 일산서구 대화동 2097,경기도 고양시 일산서구 대산로 246,7530000,경기도교육청,7621000,경기도고양교육지원청,2013-11-29,2020-09-22,37.6804713913,126.7515966561,2021-03-25,7001220,한국교원대학교
B000004746,연곡초등학교,초등학교,1958-04-01,공립,본교,운영,경기도 양주시 백석읍 연곡리 산58-2,경기도 양주시 백석읍 월암로170번길 107,7530000,경기도교육청,7602000,경기도동두천양주교육지원청,2013-11-29,2020-09-22,37.8071579133,126.9611638234,2021-03-25,7001220,한국교원대학교
B000012878,보은고등학교,고등학교,1976-03-06,사립,본교,운영,충청북도 보은군 보은읍 죽전리 61,충청북도 보은군 보은읍 보은로 17,8000000,충청북도교육청,8051000,충청북도보은교육지원청,2013-11-29,2020-09-22,36.4753094757,127.7205512184,2021-03-25,7001220,한국교원대학교
B000008611,센텀중학교,중학교,2006-03-01,공립,본교,운영,부산광역시 해운대구 재송동 1206,부산광역시 해운대구 센텀북대로 32,7150000,부산광역시교육청,7211000,부산광역시해운대교육지원청,2013-11-29,2020-09-22,35.17536656,129.1237585904,2021-03-25,7001220,한국교원대학교
B000007703,진례초등학교,초등학교,1926-03-01,공립,본교,운영,경상남도 김해시 진례면 초전리 530-2,경상남도 김해시 진례면 송현로 74-12,9010000,경상남도교육청,9091000,경상남도김해교육지원청,2013-11-29,2020-09-22,35.2477401200,128.7561339771,2021-03-25,7001220,한국교원대학교
B000025211,인천연송고등학교,고등학교,2013-03-01,공립,본교,운영,인천광역시 연수구 송도동 15-4,인천광역시 연수구 컨벤시아대로42번길 72,7310000,인천광역시교육청,7341000,인천광역시동부교육지원청,2013-11-29,2020-09-22,37.4031674672,126.6467361,2021-03-25,7001220,한국교원대학교
B000009473,광명북중학교,중학교,1986-03-01,공립,본교,운영,경기도 광명시 철산동 59,경기도 광명시 시청로 121,7530000,경기도교육청,7591000,경기도광명교육지원청,2013-11-29,2020-09-22,37.4871437437,126.8657711860,2021-03-25,7001220,한국교원대학교
B000004866,반곡초등학교,초등학교,2008-05-23,공립,본교,운영,강원도 원주시 반곡동 1450-1,강원도 원주시 동부순환로 247,7800000,강원도교육청,7821000,강원도원주교육지원청,2013-11-29,2020-09-22,37.3373417458,127.9730348983,2021-03-25,7001220,한국교원대학교
B000009853,정선중학교,중학교,1946-07-16,공립,본교,운영,강원도 정선군 정선읍 봉양리 153-1,강원도 정선군 정선읍 봉양4길 15,7800000,강원도교육청,7921000,강원도정선교육지원청,2013-11-29,2020-09-22,37.3782167692,128.6609170565,2021-03-25,7001220,한국교원대학교
B000008942,광주서광중학교,중학교,1970-03-05,공립,본교,운영,광주광역시 남구 백운동 614-1,광주광역시 남구 진다리로24번길 13,7380000,광주광역시교육청,7401000,광주광역시서부교육지원청,2013-11-29,2020-09-22,35.1363461642,126.9042623962,2021-03-25,7001220,한국교원대학교
B000012515,과천여자고등학교,고등학교,1976-03-02,사립,본교,운영,경기도 과천시 중앙동 11-4,경기도 과천시 희망길 36,7530000,경기도교육청,7569000,경기도안양과천교육지원청,2013-11-29,2020-09-22,37.4326435517,126.9881073132,2021-03-25,7001220,한국교원대학교
B000011858,과천외국어고등학교,고등학교,1990-03-05,사립,본교,운영,경기도 과천시 중앙동 11-4,경기도 과천시 희망길 36,7530000,경기도교육청,7569000,경기도안양과천교육지원청,2013-11-29,2020-09-22,37.4326435517,126.9881073132,2021-03-25,7001220,한국교원대학교
B000004281,하안북초등학교,초등학교,1989-10-12,공립,본교,운영,경기도 광명시 하안동 684-1,경기도 광명시 가림로 18,7530000,경기도교육청,7591000,경기도광명교육지원청,2013-11-29,2020-09-22,37.4647085135,126.8691342352,2021-03-25,7001220,한국교원대학교
B000004889,동화초등학교,초등학교,2004-03-01,공립,본교,운영,강원도 원주시 문막읍 동화리 1534-2,강원도 원주시 문막읍 왕건로 83,7800000,강원도교육청,7821000,강원도원주교육지원청,2013-11-29,2020-09-22,37.3274788009,127.8285780515,2021-03-25,7001220,한국교원대학교
B000007665,구봉초등학교,초등학교,1980-05-14,공립,본교,운영,경상남도 김해시 구산동 199,경상남도 김해시 구지로 99-26,9010000,경상남도교육청,9091000,경상남도김해교육지원청,2013-11-29,2020-09-22,35.2408385133,128.8737724420,2021-03-25,7001220,한국교원대학교
B000008491,두송중학교,중학교,2006-03-03,공립,본교,운영,부산광역시 사하구 다대동 1580,부산광역시 사하구 다송로 76,7150000,부산광역시교육청,7171000,부산광역시서부교육지원청,2013-11-29,2020-09-22,35.0606593201,128.9829530649,2021-03-25,7001220,한국교원대학교
B000011354,서울로봇고등학교,고등학교,1994-01-04,공립,본교,운영,서울특별시 강남구 일원동 738,서울특별시 강남구 광평로20길 63,7010000,서울특별시교육청,7091300,서울특별시강남서초교육지원청,2013-11-29,2020-09-22,37.4807317444,127.0845760864,2021-03-25,7001220,한국교원대학교
B000012069,은광여자고등학교,고등학교,1946-10-15,사립,본교,운영,서울특별시 강남구 도곡동 938-10,서울특별시 강남구 남부순환로359길 36,7010000,서울특별시교육청,7091300,서울특별시강남서초교육지원청,2013-11-29,2020-09-22,37.4883785724,127.0352323611,2021-03-25,7001220,한국교원대학교
B000008555,부곡여자중학교,중학교,1981-10-14,공립,본교,운영,부산광역시 금정구 부곡동 717-1,부산광역시 금정구 가마실로 56,7150000,부산광역시교육청,7191000,부산광역시동래교육지원청,2013-11-29,2020-09-22,35.2233298921,129.0953419436,2021-03-25,7001220,한국교원대학교
B000002843,대구옥산초등학교,초등학교,1956-07-04,공립,본교,운영,대구광역시 북구 칠성동2가 395-1,대구광역시 북구 칠성시장로23길 55,7240000,대구광역시교육청,7261000,대구광역시서부교육지원청,2013-11-29,2020-09-22,35.8808955017,128.5978756375,2021-03-25,7001220,한국교원대학교
B000008626,한바다중학교,중학교,1969-10-10,공립,본교,운영,부산광역시 수영구 광안동 154-1,부산광역시 수영구 광안로21번가길 57,7150000,부산광역시교육청,7211000,부산광역시해운대교육지원청,2013-11-29,2020-09-22,35.1572924115,129.1176118531,2021-03-25,7001220,한국교원대학교
B000002138,서울가주초등학교,초등학교,1996-11-08,공립,본교,운영,서울특별시 송파구 가락동 140-6,서울특별시 송파구 오금로40길 37,7010000,서울특별시교육청,7130000,서울특별시강동송파교육지원청,2013-11-29,2020-09-22,37.4965672156,127.1292617,2021-03-25,7001220,한국교원대학교
B000013464,선덕고등학교,고등학교,1983-03-05,사립,본교,운영,서울특별시 도봉구 쌍문동 263,서울특별시 도봉구 시루봉로 53,7010000,서울특별시교육청,7051000,서울특별시북부교육지원청,2013-11-29,2020-09-22,37.6563486770,127.0268765864,2021-03-25,7001220,한국교원대학교
B000007532,상일초등학교,초등학교,1995-09-01,공립,본교,운영,경상남도 창원시 마산회원구 내서읍 중리 1053,경상남도 창원시 마산회원구 내서읍 광려천서로 21,9010000,경상남도교육청,9022000,경상남도창원교육지원청,2013-11-29,2020-09-22,35.2445751574,128.5069525,2021-03-25,7001220,한국교원대학교
B000007302,입암초등학교,초등학교,1933-05-15,공립,본교,운영,경상북도 영양군 입암면 신구리 272,경상북도 영양군 입암면 입암로 162,8750000,경상북도교육청,8891000,경상북도영양교육지원청,2013-11-29,2020-09-22,36.5997164402,129.0873689,2021-03-25,7001220,한국교원대학교
B000009037,대전변동중학교,중학교,1983-11-04,공립,본교,운영,대전광역시 서구 변동 54-1,대전광역시 서구 도산로181번길 39,7430000,대전광역시교육청,7451000,대전광역시서부교육지원청,2013-11-29,2020-09-22,36.3247386000,127.3757901240,2021-03-25,7001220,한국교원대학교
B000012723,문산제일고등학교,고등학교,1942-04-26,공립,본교,운영,경기도 파주시 야동동 361,경기도 파주시 평화로 190,7530000,경기도교육청,7681000,경기도파주교육지원청,2013-11-29,2020-09-22,37.7726039859,126.7628873051,2021-03-25,7001220,한국교원대학교
B000011404,대구서부공업고등학교,고등학교,1997-03-07,공립,본교,운영,대구광역시 서구 내당동 456-1,대구광역시 서구 당산로 228,7240000,대구광역시교육청,7261000,대구광역시서부교육지원청,2013-11-29,2020-09-22,35.8574928211,128.5482964218,2021-03-25,7001220,한국교원대학교
B000004254,오산고현초등학교,초등학교,2007-09-01,공립,본교,운영,경기도 오산시 고현동 92,경기도 오산시 남부대로 459,7530000,경기도교육청,7679000,경기도화성오산교육지원청,2013-11-29,2020-09-22,37.1334449,127.0851451445,2021-03-25,7001220,한국교원대학교
B000012814,상동고등학교,고등학교,1955-12-31,공립,본교,운영,강원도 영월군 상동읍 천평리 414,강원도 영월군 상동읍 태백산로 3147,7800000,강원도교육청,7901000,강원도영월교육지원청,2013-11-29,2020-09-22,37.1252584066,128.8224543818,2021-03-25,7001220,한국교원대학교
B000023752,운남중학교,중학교,2021-03-01,공립,본교,운영,경상북도 김천시 율곡동 370,경상북도 김천시 우래1길 7,8750000,경상북도교육청,8781000,경상북도김천교육지원청,2013-11-29,2021-03-22,36.12213188,128.1791173,2021-03-25,7001220,한국교원대학교
B000007834,신명초등학교,초등학교,2004-03-01,공립,본교,운영,경상남도 양산시 평산동 570-49,경상남도 양산시 신명로 108,9010000,경상남도교육청,9151000,경상남도양산교육지원청,2013-11-29,2020-09-22,35.38832306,129.1426330467,2021-03-25,7001220,한국교원대학교
B000003173,길상초등학교,초등학교,1920-07-10,공립,본교,운영,인천광역시 강화군 길상면 온수리 527-3,인천광역시 강화군 길상면 삼랑성길 22,7310000,인천광역시교육청,7351000,인천광역시강화교육지원청,2013-11-29,2020-09-22,37.6384639920,126.4904288806,2021-03-25,7001220,한국교원대학교
B000013537,서대전여자고등학교,고등학교,1984-03-02,사립,본교,운영,대전광역시 서구 도마동 420-3,대전광역시 서구 배재로197번길 20,7430000,대전광역시교육청,7451000,대전광역시서부교육지원청,2013-11-29,2020-09-22,36.3277371542,127.3695560338,2021-03-25,7001220,한국교원대학교
B000012168,부산남일고등학교,고등학교,1985-03-05,공립,본교,운영,부산광역시 수영구 망미동 920-10,부산광역시 수영구 망미배산로48번길 85-23,7150000,부산광역시교육청,7211000,부산광역시해운대교육지원청,2013-11-29,2020-09-22,35.1785656351,129.1011711969,2021-03-25,7001220,한국교원대학교
B000003348,대전흥룡초등학교,초등학교,1979-10-02,공립,본교,운영,대전광역시 동구 가양동 399-1,대전광역시 동구 동대전로256번길 21,7430000,대전광역시교육청,7441000,대전광역시동부교육지원청,2013-11-29,2020-09-22,36.3455638922,127.4479362169,2021-03-25,7001220,한국교원대학교
B000008352,세화여자중학교,중학교,1978-03-01,사립,본교,운영,서울특별시 서초구 반포동 13,서울특별시 서초구 신반포로 56-7,7010000,서울특별시교육청,7091300,서울특별시강남서초교육지원청,2013-11-29,2020-09-22,37.5019828,126.9942300138,2021-03-25,7001220,한국교원대학교
B000009395,대흥중학교,중학교,1995-03-03,공립,본교,운영,경기도 시흥시 대야동 377-70,경기도 시흥시 서해안로 1587,7530000,경기도교육청,7781000,경기도시흥교육지원청,2013-11-29,2020-09-22,37.4474401608,126.7840729757,2021-03-25,7001220,한국교원대학교
B000005886,응봉초등학교,초등학교,1934-06-16,공립,본교,운영,충청남도 예산군 응봉면 증곡리 436,충청남도 예산군 응봉면 예당로 1504,8140000,충청남도교육청,8271000,충청남도예산교육지원청,2013-11-29,2020-09-22,36.6563848673,126.7704003474,2021-03-25,7001220,한국교원대학교
B000013517,상인고등학교,고등학교,2001-03-05,공립,본교,운영,대구광역시 달서구 상인동 1562,대구광역시 달서구 상인로 24,7240000,대구광역시교육청,7271000,대구광역시남부교육지원청,2013-11-29,2020-09-22,35.8104519805,128.5512978455,2021-03-25,7001220,한국교원대학교
B000013071,영흥고등학교,고등학교,1980-10-18,사립,본교,운영,전라남도 목포시 상동 55,전라남도 목포시 삼각로43번길 9,8490000,전라남도교육청,8501000,전라남도목포교육지원청,2013-11-29,2020-09-22,34.8052524338,126.4165560233,2021-03-25,7001220,한국교원대학교
B000003277,화정남초등학교,초등학교,1992-04-06,공립,본교,운영,광주광역시 서구 화정동 929-1,광주광역시 서구 염화로 37,7380000,광주광역시교육청,7401000,광주광역시서부교육지원청,2013-11-29,2020-09-22,35.1378563249,126.8716252572,2021-03-25,7001220,한국교원대학교
B000008399,인헌중학교,중학교,1971-01-16,공립,본교,운영,서울특별시 관악구 봉천동 1647,서울특별시 관악구 인헌9길 35,7010000,서울특별시교육청,7132000,서울특별시동작관악교육지원청,2013-11-29,2020-09-22,37.4726962122,126.9688402241,2021-03-25,7001220,한국교원대학교
B000013288,마산여자고등학교,고등학교,1915-03-21,공립,본교,운영,경상남도 창원시 마산합포구 완월동 300,경상남도 창원시 마산합포구 고운로 157,9010000,경상남도교육청,9022000,경상남도창원교육지원청,2013-11-29,2020-09-22,35.1959383430,128.5614097084,2021-03-25,7001220,한국교원대학교
B000004097,소래초등학교,초등학교,1920-07-04,공립,본교,운영,경기도 시흥시 신천동 704-2,경기도 시흥시 호현로27번길 14,7530000,경기도교육청,7781000,경기도시흥교육지원청,2013-11-29,2020-09-22,37.4440788347,126.7835267631,2021-03-25,7001220,한국교원대학교
B000008752,북동중학교,중학교,2005-03-24,공립,본교,운영,대구광역시 달성군 논공읍 남리 318,대구광역시 달성군 논공읍 논공로7길 43,7240000,대구광역시교육청,7281000,대구광역시달성교육지원청,2013-11-29,2020-09-22,35.7324338261,128.4374065934,2021-03-25,7001220,한국교원대학교
B000008751,논공중학교,중학교,1998-03-01,공립,본교,운영,대구광역시 달성군 논공읍 남리 717-5,대구광역시 달성군 논공읍 논공로 256,7240000,대구광역시교육청,7281000,대구광역시달성교육지원청,2013-11-29,2020-09-22,35.7238252455,128.4572008994,2021-03-25,7001220,한국교원대학교
B000003550,청솔초등학교,초등학교,2007-03-01,공립,본교,운영,울산광역시 남구 달동 813,울산광역시 남구 삼산로94번길 20,7480000,울산광역시교육청,7501000,울산광역시강남교육지원청,2013-11-29,2020-09-22,35.53318138,129.3178477700,2021-03-25,7001220,한국교원대학교
B000008255,성심여자중학교,중학교,1957-05-25,사립,본교,운영,서울특별시 용산구 원효로4가 1-1,서울특별시 용산구 원효로19길 49,7010000,서울특별시교육청,7061000,서울특별시중부교육지원청,2013-11-29,2020-09-22,37.5342093704,126.9545933596,2021-03-25,7001220,한국교원대학교
B000022928,용남중학교,중학교,1989-09-01,공립,본교,운영,충청남도 계룡시 신도안면 남선리 1319,충청남도 계룡시 신도안면 신도안2길 66,8140000,충청남도교육청,8222000,충청남도논산계룡교육지원청,2013-11-29,2020-09-22,36.3006443305,127.2441238728,2021-03-25,7001220,한국교원대학교
B000008689,구암중학교,중학교,1995-03-01,공립,본교,운영,대구광역시 북구 구암동 694-2,대구광역시 북구 태암로 85,7240000,대구광역시교육청,7261000,대구광역시서부교육지원청,2013-11-29,2020-09-22,35.92751351,128.5571252,2021-03-25,7001220,한국교원대학교
B000008015,신촌초등학교,초등학교,1945-09-01,공립,본교,운영,제주특별자치도 제주시 조천읍 신촌리 1828,제주특별자치도 제주시 조천읍 신북로 51,9290000,제주특별자치도교육청,9296000,제주특별자치도제주시교육지원청,2013-11-29,2020-09-22,33.5344733804,126.6195152730,2021-03-25,7001220,한국교원대학교
B000005217,간성초등학교,초등학교,1910-06-13,공립,본교,운영,강원도 고성군 간성읍 신안리 192,강원도 고성군 간성읍 간성로 39,7800000,강원도교육청,7971000,강원도고성교육지원청,2013-11-29,2020-09-22,38.3789421503,128.4706698135,2021-03-25,7001220,한국교원대학교
B000004915,모산초등학교,초등학교,1941-09-28,공립,본교,운영,강원도 강릉시 장현동 54-1,강원도 강릉시 모산로224번길 3,7800000,강원도교육청,7831000,강원도강릉교육지원청,2013-11-29,2020-09-22,37.7318400329,128.9017805146,2021-03-25,7001220,한국교원대학교
B000007944,가조초등학교,초등학교,1922-04-01,공립,본교,운영,경상남도 거창군 가조면 마상리 336-4,경상남도 거창군 가조면 가조가야로 1087,9010000,경상남도교육청,9211000,경상남도거창교육지원청,2013-11-29,2020-09-22,35.7114988262,128.0136443,2021-03-25,7001220,한국교원대학교
B000009475,하안중학교,중학교,1993-03-01,공립,본교,운영,경기도 광명시 하안동 25,경기도 광명시 안현로 80-1,7530000,경기도교육청,7591000,경기도광명교육지원청,2013-11-29,2020-09-22,37.4673857481,126.8807720519,2021-03-25,7001220,한국교원대학교
B000011530,두원공업고등학교,고등학교,1990-10-10,사립,본교,운영,경기도 안성시 미양면 신기리 203-4,경기도 안성시 미양면 미양로 727,7530000,경기도교육청,7761000,경기도안성교육지원청,2013-11-29,2020-09-22,36.99677795,127.2417999063,2021-03-25,7001220,한국교원대학교
B000026572,솔빛초등학교,초등학교,2019-03-01,공립,본교,운영,세종특별자치시 반곡동 42-9,세종특별자치시 반곡2길 21,9300000,세종특별자치시교육청,9300000,세종특별자치시교육청,2013-11-29,2020-09-22,36.4957602218,127.3122736940,2021-03-25,7001220,한국교원대학교
B000002940,대구하빈초등학교,초등학교,1924-04-15,공립,본교,운영,대구광역시 달성군 하빈면 현내리 855-3,대구광역시 달성군 하빈면 하빈로 391-1,7240000,대구광역시교육청,7281000,대구광역시달성교육지원청,2013-11-29,2020-09-22,35.90163733,128.4421116933,2021-03-25,7001220,한국교원대학교
B000002765,대구효목초등학교,초등학교,1969-06-10,공립,본교,운영,대구광역시 동구 효목동 633,대구광역시 동구 화랑로27길 25,7240000,대구광역시교육청,7251000,대구광역시동부교육지원청,2013-11-29,2020-09-22,35.8760037965,128.6415759170,2021-03-25,7001220,한국교원대학교
B000012260,숭덕여자고등학교,고등학교,1986-03-01,사립,본교,운영,인천광역시 남동구 만수동 5-213,인천광역시 남동구 만수로73번길 20-23,7310000,인천광역시교육청,7341000,인천광역시동부교육지원청,2013-11-29,2020-09-22,37.4642821062,126.7339171397,2021-03-25,7001220,한국교원대학교
B000011443,산마을고등학교,고등학교,1999-12-01,사립,본교,운영,인천광역시 강화군 양도면 삼흥리 460,인천광역시 강화군 양도면 강화남로1002번길 73-29,7310000,인천광역시교육청,7351000,인천광역시강화교육지원청,2013-11-29,2020-09-22,37.6863625703,126.4255653111,2021-03-25,7001220,한국교원대학교
B000013509,대구서부고등학교,고등학교,1997-03-01,공립,본교,운영,대구광역시 서구 평리동 1070-48,대구광역시 서구 국채보상로53길 32,7240000,대구광역시교육청,7261000,대구광역시서부교육지원청,2013-11-29,2020-09-22,35.8736530943,128.5602007098,2021-03-25,7001220,한국교원대학교
B000013194,안동여자고등학교,고등학교,1942-05-01,공립,본교,운영,경상북도 안동시 법상동 23-1,경상북도 안동시 법상윗3길 32,8750000,경상북도교육청,8791000,경상북도안동교육지원청,2013-11-29,2020-09-22,36.5730397352,128.7256251175,2021-03-25,7001220,한국교원대학교
B000003521,남목초등학교,초등학교,1921-05-09,공립,본교,운영,울산광역시 동구 서부동 370,울산광역시 동구 옥류로 33,7480000,울산광역시교육청,7491000,울산광역시강북교육지원청,2013-11-29,2020-09-22,35.5424857376,129.4247502388,2021-03-25,7001220,한국교원대학교
B000026417,청완초등학교,초등학교,1970-11-19,공립,본교,운영,전라북도 완주군 봉동읍 둔산리 864-14,전라북도 완주군 봉동읍 완주산단9로 80,8320000,전라북도교육청,8391000,전라북도완주교육지원청,2013-11-29,2021-03-23,35.9635993341,127.1204786,2021-03-25,7001220,한국교원대학교
B000002787,대구대청초등학교,초등학교,1987-12-18,공립,본교,운영,대구광역시 수성구 만촌동 873,대구광역시 수성구 교학로12길 42,7240000,대구광역시교육청,7251000,대구광역시동부교육지원청,2013-11-29,2020-09-22,35.8509061083,128.6501674164,2021-03-25,7001220,한국교원대학교
B000007531,호계초등학교,초등학교,2002-09-01,공립,본교,운영,경상남도 창원시 마산회원구 내서읍 호계리 71-1,경상남도 창원시 마산회원구 내서읍 광려천북로 182,9010000,경상남도교육청,9022000,경상남도창원교육지원청,2013-11-29,2020-09-22,35.2656230058,128.5228100505,2021-03-25,7001220,한국교원대학교
B000022834,인천청람초등학교,초등학교,2013-03-01,공립,본교,운영,인천광역시 서구 청라동 149-1,인천광역시 서구 청라커낼로 336,7310000,인천광역시교육청,7361000,인천광역시서부교육지원청,2013-11-29,2020-09-22,37.5386963565,126.6453132879,2021-03-25,7001220,한국교원대학교
B000002692,반산초등학교,초등학교,1990-03-01,공립,본교,운영,부산광역시 해운대구 재송동 1033-1,부산광역시 해운대구 재반로 171,7150000,부산광역시교육청,7211000,부산광역시해운대교육지원청,2013-11-29,2020-09-22,35.1934414263,129.1296328331,2021-03-25,7001220,한국교원대학교
B000005164,묘장초등학교,초등학교,1968-10-04,공립,본교,운영,강원도 철원군 철원읍 대마리 192-5,강원도 철원군 철원읍 묘장로 344,7800000,강원도교육청,7931000,강원도철원교육지원청,2013-11-29,2020-09-22,38.2640862552,127.1648028281,2021-03-25,7001220,한국교원대학교
B000002143,서울마천초등학교,초등학교,1978-05-04,공립,본교,운영,서울특별시 송파구 마천동 183-4,서울특별시 송파구 마천로61다길 24,7010000,서울특별시교육청,7130000,서울특별시강동송파교육지원청,2013-11-29,2020-09-22,37.4955054522,127.1526294501,2021-03-25,7001220,한국교원대학교
B000007670,삼방초등학교,초등학교,1992-03-01,공립,본교,운영,경상남도 김해시 삼방동 675,경상남도 김해시 삼안로235번길 20,9010000,경상남도교육청,9091000,경상남도김해교육지원청,2013-11-29,2020-09-22,35.2489292655,128.9077057966,2021-03-25,7001220,한국교원대학교
B000011547,소양고등학교,고등학교,1910-04-29,공립,본교,운영,강원도 춘천시 사농동 122,강원도 춘천시 영서로 2872,7800000,강원도교육청,7811000,강원도춘천교육지원청,2013-11-29,2020-09-22,37.9100160316,127.7232944787,2021-03-25,7001220,한국교원대학교
B000002551,낙민초등학교,초등학교,1981-06-25,공립,본교,운영,부산광역시 동래구 낙민동 303,부산광역시 동래구 충렬대로272번길 34,7150000,부산광역시교육청,7191000,부산광역시동래교육지원청,2013-11-29,2020-09-22,35.1994257818,129.0883430092,2021-03-25,7001220,한국교원대학교
B000013456,대광고등학교,고등학교,1949-10-25,사립,본교,운영,서울특별시 동대문구 신설동 53-3,서울특별시 동대문구 안암로 6,7010000,서울특별시교육청,7021000,서울특별시동부교육지원청,2013-11-29,2020-09-22,37.5779546698,127.0253234798,2021-03-25,7001220,한국교원대학교
B000006517,상사초등학교,초등학교,1932-04-23,공립,본교,운영,전라남도 순천시 상사면 응령리 287,전라남도 순천시 상사면 상사초등길 55,8490000,전라남도교육청,8521000,전라남도순천교육지원청,2013-11-29,2020-09-22,34.9437890503,127.4453762590,2021-03-25,7001220,한국교원대학교
B000009736,동산중학교,중학교,1970-03-10,공립,본교,운영,강원도 춘천시 동산면 조양리 703-1,강원도 춘천시 동산면 영서로 461-22,7800000,강원도교육청,7811000,강원도춘천교육지원청,2013-11-29,2020-09-22,37.7502283495,127.7909630860,2021-03-25,7001220,한국교원대학교
B000012768,대성고등학교,고등학교,1954-05-07,사립,본교,운영,강원도 원주시 무실동 산123-1,강원도 원주시 북원로 2001,7800000,강원도교육청,7821000,강원도원주교육지원청,2013-11-29,2020-09-22,37.3273097139,127.9208654494,2021-03-25,7001220,한국교원대학교
B000008955,송광중학교,중학교,2004-03-01,공립,본교,운영,광주광역시 광산구 송정동 900,광주광역시 광산구 송정로 74,7380000,광주광역시교육청,7401000,광주광역시서부교육지원청,2013-11-29,2020-09-22,35.1334029391,126.7979491477,2021-03-25,7001220,한국교원대학교
B000011220,수동중학교,중학교,1954-07-03,공립,본교,운영,경상남도 함양군 수동면 화산리 1010,경상남도 함양군 수동면 수동내동길 19,9010000,경상남도교육청,9201000,경상남도함양교육지원청,2013-11-29,2020-09-22,35.5243359476,127.7895833973,2021-03-25,7001220,한국교원대학교
B000005736,조치원교동초등학교,초등학교,1945-10-05,공립,본교,운영,세종특별자치시 조치원읍 교리 1-12,세종특별자치시 조치원읍 새내18길 21,9300000,세종특별자치시교육청,9300000,세종특별자치시교육청,2013-11-29,2020-09-22,36.6052279350,127.2979421861,2021-03-25,7001220,한국교원대학교
B000011763,김해건설공업고등학교,고등학교,1978-03-01,공립,본교,운영,경상남도 김해시 구산동 180,경상남도 김해시 구지로 109,9010000,경상남도교육청,9091000,경상남도김해교육지원청,2013-11-29,2020-09-22,35.2395452761,128.8759904,2021-03-25,7001220,한국교원대학교
B000005362,한국교원대학교부설월곡초등학교,초등학교,1943-04-08,국립,본교,운영,충청북도 청주시 흥덕구 강내면 월곡리 230,충청북도 청주시 흥덕구 강내면 가로수로 562,8000000,충청북도교육청,8011000,충청북도청주교육지원청,2013-11-29,2020-09-22,36.6232939400,127.3623673815,2021-03-25,7001220,한국교원대학교
B000007330,동산초등학교,초등학교,1952-05-06,공립,본교,운영,경상북도 청도군 매전면 동산리 233-5,경상북도 청도군 매전면 동산길 43,8750000,경상북도교육청,8911000,경상북도청도교육지원청,2013-11-29,2020-09-22,35.6674566265,128.8547025,2021-03-25,7001220,한국교원대학교
B000025212,인천포스코고등학교,고등학교,2015-03-01,사립,본교,운영,인천광역시 연수구 송도동 15-6,인천광역시 연수구 컨벤시아대로42번길 50,7310000,인천광역시교육청,7341000,인천광역시동부교육지원청,2013-11-29,2020-09-22,37.4014660060,126.6483623397,2021-03-25,7001220,한국교원대학교
B000006705,송지초등학교,초등학교,1923-11-01,공립,본교,운영,전라남도 해남군 송지면 산정리 724-1,전라남도 해남군 송지면 산정1길 101,8490000,전라남도교육청,8641000,전라남도해남교육지원청,2013-11-29,2020-09-22,34.36913394,126.5204387237,2021-03-25,7001220,한국교원대학교
B000013199,성창여자고등학교,고등학교,1981-03-05,사립,본교,운영,경상북도 안동시 안기동 312,경상북도 안동시 석수길 53,8750000,경상북도교육청,8791000,경상북도안동교육지원청,2013-11-29,2020-09-22,36.5787438048,128.7126188835,2021-03-25,7001220,한국교원대학교
B000002117,서울한남초등학교,초등학교,1906-09-23,공립,본교,운영,서울특별시 용산구 한남동 726-1,서울특별시 용산구 한남대로 112,7010000,서울특별시교육청,7061000,서울특별시중부교육지원청,2013-11-29,2020-09-22,37.5392036532,127.0055998474,2021-03-25,7001220,한국교원대학교
B000003607,명산초등학교,초등학교,1944-03-20,공립,본교,운영,울산광역시 울주군 서생면 명산리 504,울산광역시 울주군 서생면 화산발리로 60,7480000,울산광역시교육청,7501000,울산광역시강남교육지원청,2013-11-29,2020-09-22,35.3510739389,129.2961501471,2021-03-25,7001220,한국교원대학교
B000026689,별가람초등학교,초등학교,2015-03-01,공립,본교,운영,경기도 남양주시 별내동 920,경기도 남양주시 별내3로 173,7530000,경기도교육청,7652000,경기도구리남양주교육지원청,2013-11-29,2020-09-22,37.6541801034,127.1242259360,2021-03-25,7001220,한국교원대학교
B000023943,광양마동중학교,중학교,2015-03-01,공립,본교,운영,전라남도 광양시 마동 1020,전라남도 광양시 느지매기길 7,8490000,전라남도교육청,8551000,전라남도광양교육지원청,2013-11-29,2020-09-22,34.95426716,127.6878322111,2021-03-25,7001220,한국교원대학교
B000007927,유림초등학교,초등학교,1932-09-26,공립,본교,운영,경상남도 함양군 유림면 화촌리 472,경상남도 함양군 유림면 천왕봉로 2927,9010000,경상남도교육청,9201000,경상남도함양교육지원청,2013-11-29,2020-09-22,35.4725210372,127.7930743723,2021-03-25,7001220,한국교원대학교
B000003875,호계초등학교,초등학교,1981-03-01,공립,본교,운영,경기도 안양시 동안구 호계동 923-17,경기도 안양시 동안구 경수대로707번길 27,7530000,경기도교육청,7569000,경기도안양과천교육지원청,2013-11-29,2020-09-22,37.3842709268,126.9501231551,2021-03-25,7001220,한국교원대학교
B000011659,여수해양과학고등학교,고등학교,1980-03-08,공립,본교,운영,전라남도 여수시 돌산읍 군내리 139,전라남도 여수시 돌산읍 돌산로 1201-18,8490000,전라남도교육청,8511000,전라남도여수교육지원청,2013-11-29,2020-09-22,34.6141368890,127.7270000195,2021-03-25,7001220,한국교원대학교
B000013203,풍산고등학교,고등학교,1968-03-05,사립,본교,운영,경상북도 안동시 풍산읍 안교리 320,경상북도 안동시 풍산읍 풍산중앙길 39,8750000,경상북도교육청,8791000,경상북도안동교육지원청,2013-11-29,2020-09-22,36.5841466494,128.5665357900,2021-03-25,7001220,한국교원대학교
B000002817,대구달서초등학교,초등학교,1979-09-05,공립,본교,운영,대구광역시 서구 중리동 65-2,대구광역시 서구 국채보상로34길 35,7240000,대구광역시교육청,7261000,대구광역시서부교육지원청,2013-11-29,2020-09-22,35.8668440867,128.5505467,2021-03-25,7001220,한국교원대학교
B000012141,센텀고등학교,고등학교,2008-03-01,공립,본교,운영,부산광역시 해운대구 재송동 1222,부산광역시 해운대구 해운대로 246,7150000,부산광역시교육청,7211000,부산광역시해운대교육지원청,2013-11-29,2020-09-22,35.1771034302,129.1269806256,2021-03-25,7001220,한국교원대학교
B000004913,동명초등학교,초등학교,1938-07-04,공립,본교,운영,강원도 강릉시 송정동 168-1,강원도 강릉시 경강로 2473,7800000,강원도교육청,7831000,강원도강릉교육지원청,2013-11-29,2020-09-22,37.7754311600,128.9287445524,2021-03-25,7001220,한국교원대학교
B000009271,호성중학교,중학교,2003-03-01,공립,본교,운영,경기도 안양시 동안구 호계동 781-3,경기도 안양시 동안구 호성로 55,7530000,경기도교육청,7569000,경기도안양과천교육지원청,2013-11-29,2020-09-22,37.3669183659,126.9637649302,2021-03-25,7001220,한국교원대학교
B000010864,자인여자중학교,중학교,1970-03-01,사립,본교,운영,경상북도 경산시 자인면 동부리 208,경상북도 경산시 자인면 원효로 851-16,8750000,경상북도교육청,8851000,경상북도경산교육지원청,2013-11-29,2020-09-22,35.81597515,128.8278498959,2021-03-25,7001220,한국교원대학교
B000011219,함양여자중학교,중학교,1960-04-07,공립,본교,운영,경상남도 함양군 함양읍 교산리 956,경상남도 함양군 함양읍 함양여중길 18-9,9010000,경상남도교육청,9201000,경상남도함양교육지원청,2013-11-29,2020-09-22,35.52395122,127.7246365461,2021-03-25,7001220,한국교원대학교
B000008319,등명중학교,중학교,1995-05-06,공립,본교,운영,서울특별시 강서구 등촌동 690-4,서울특별시 강서구 공항대로39길 39,7010000,서울특별시교육청,7081300,서울특별시강서양천교육지원청,2013-11-29,2020-09-22,37.5601933510,126.8433040869,2021-03-25,7001220,한국교원대학교
B000002255,서울서원초등학교,초등학교,1985-04-22,공립,본교,운영,서울특별시 서초구 반포동 30-8,서울특별시 서초구 고무래로 63,7010000,서울특별시교육청,7091300,서울특별시강남서초교육지원청,2013-11-29,2020-09-22,37.5024388979,127.0146194577,2021-03-25,7001220,한국교원대학교
B000002346,서울신성초등학교,초등학교,1982-10-11,공립,본교,운영,서울특별시 관악구 신림동 118-1,서울특별시 관악구 신림로 114,7010000,서울특별시교육청,7132000,서울특별시동작관악교육지원청,2013-11-29,2020-09-22,37.4720033122,126.9367541503,2021-03-25,7001220,한국교원대학교
B000010756,복주여자중학교,중학교,1981-12-08,공립,본교,운영,경상북도 안동시 당북동 333-1,경상북도 안동시 안기천로 58,8750000,경상북도교육청,8791000,경상북도안동교육지원청,2013-11-29,2020-09-22,36.5625941650,128.7180369108,2021-03-25,7001220,한국교원대학교
B000008074,성읍초등학교,초등학교,1937-09-01,공립,본교,운영,제주특별자치도 서귀포시 표선면 성읍리 1002,제주특별자치도 서귀포시 표선면 성읍민속로 65,9290000,제주특별자치도교육청,9299000,제주특별자치도서귀포시교육지원청,2013-11-29,2020-09-22,33.3842748219,126.7985092884,2021-03-25,7001220,한국교원대학교
B000008071,태흥초등학교,초등학교,1947-03-02,공립,본교,운영,제주특별자치도 서귀포시 남원읍 태흥리 970-3,제주특별자치도 서귀포시 남원읍 태위로 915,9290000,제주특별자치도교육청,9299000,제주특별자치도서귀포시교육지원청,2013-11-29,2020-09-22,33.2862254142,126.7434137338,2021-03-25,7001220,한국교원대학교
B000002809,대구경운초등학교,초등학교,1977-06-20,공립,본교,운영,대구광역시 서구 내당동 296,대구광역시 서구 평리로54길 16,7240000,대구광역시교육청,7261000,대구광역시서부교육지원청,2013-11-29,2020-09-22,35.8608803816,128.5527191187,2021-03-25,7001220,한국교원대학교
B000012773,원주금융회계고등학교,고등학교,1980-11-26,공립,본교,운영,강원도 원주시 부론면 법천리 1442,강원도 원주시 부론면 부귀로 35,7800000,강원도교육청,7821000,강원도원주교육지원청,2013-11-29,2020-09-22,37.2078269480,127.7516584684,2021-03-25,7001220,한국교원대학교
B000006525,황전초등학교회덕분교장,초등학교,1960-04-01,공립,분교,운영,전라남도 순천시 황전면 회룡리 756,전라남도 순천시 황전면 삽재팔동길 377,8490000,전라남도교육청,8521000,전라남도순천교육지원청,2013-11-29,2020-09-22,35.1084789939,127.4957748454,2021-03-25,7001220,한국교원대학교
B000004188,안녕초등학교,초등학교,2006-03-01,공립,본교,운영,경기도 화성시 안녕동 50-8,경기도 화성시 화산로 2,7530000,경기도교육청,7679000,경기도화성오산교육지원청,2013-11-29,2020-09-22,37.2058922158,127.0085343096,2021-03-25,7001220,한국교원대학교
B000013295,합포고등학교,고등학교,1989-02-18,공립,본교,운영,경상남도 창원시 마산합포구 교방동 170-1,경상남도 창원시 마산합포구 무학로 458,9010000,경상남도교육청,9022000,경상남도창원교육지원청,2013-11-29,2020-09-22,35.2094121899,128.5643385877,2021-03-25,7001220,한국교원대학교
B000001875,서울신내초등학교,초등학교,1994-03-01,공립,본교,운영,서울특별시 중랑구 신내동 444,서울특별시 중랑구 용마산로125나길 22,7010000,서울특별시교육청,7021000,서울특별시동부교육지원청,2013-11-29,2020-09-22,37.6049342235,127.1001284621,2021-03-25,7001220,한국교원대학교
B000001866,서울중곡초등학교,초등학교,1967-09-05,공립,본교,운영,서울특별시 중랑구 면목동 380,서울특별시 중랑구 면목로23길 20,7010000,서울특별시교육청,7021000,서울특별시동부교육지원청,2013-11-29,2020-09-22,37.5748917275,127.0834390437,2021-03-25,7001220,한국교원대학교
B000005100,마차초등학교,초등학교,1941-06-01,공립,본교,운영,강원도 영월군 북면 마차리 1358-1,강원도 영월군 북면 밤재로 221,7800000,강원도교육청,7901000,강원도영월교육지원청,2013-11-29,2020-09-22,37.2574411161,128.4536986934,2021-03-25,7001220,한국교원대학교
B000013458,원묵고등학교,고등학교,2007-05-31,공립,본교,운영,서울특별시 중랑구 묵동 23,서울특별시 중랑구 숙선옹주로 82,7010000,서울특별시교육청,7021000,서울특별시동부교육지원청,2013-11-29,2020-09-22,37.6152323139,127.0855077845,2021-03-25,7001220,한국교원대학교
B000001850,서울전농초등학교,초등학교,1942-04-08,공립,본교,운영,서울특별시 동대문구 전농동 298,서울특별시 동대문구 사가정로 66,7010000,서울특별시교육청,7021000,서울특별시동부교육지원청,2013-11-29,2020-09-22,37.5747303146,127.0543331391,2021-03-25,7001220,한국교원대학교
B000002758,대구동신초등학교,초등학교,1970-09-01,공립,본교,운영,대구광역시 동구 신암동 487,대구광역시 동구 송라로 123,7240000,대구광역시교육청,7251000,대구광역시동부교육지원청,2013-11-29,2020-09-22,35.8782747051,128.6150276622,2021-03-25,7001220,한국교원대학교
B000002752,대구용호초등학교,초등학교,1999-03-02,공립,본교,운영,대구광역시 동구 방촌동 1113-319,대구광역시 동구 동촌로56길 82,7240000,대구광역시교육청,7251000,대구광역시동부교육지원청,2013-11-29,2020-09-22,35.8773573983,128.6723645,2021-03-25,7001220,한국교원대학교
B000025756,인천청호초등학교,초등학교,2021-03-01,공립,본교,운영,인천광역시 서구 경서동 846-2,인천광역시 서구 청라한울로 44,7310000,인천광역시교육청,7361000,인천광역시서부교육지원청,2013-11-29,2021-03-23,37.53839244,126.6412777,2021-03-25,7001220,한국교원대학교
B000012388,동대전고등학교,고등학교,1983-03-10,공립,본교,운영,대전광역시 대덕구 중리동 234-3,대전광역시 대덕구 청림길 33,7430000,대전광역시교육청,7441000,대전광역시동부교육지원청,2013-11-29,2020-09-22,36.3562871408,127.4236428245,2021-03-25,7001220,한국교원대학교
B000005729,복수초등학교,초등학교,1929-04-20,공립,본교,운영,충청남도 금산군 복수면 곡남리 180,충청남도 금산군 복수면 복수로 137,8140000,충청남도교육청,8201000,충청남도금산교육지원청,2013-11-29,2020-09-22,36.1661922454,127.3978080338,2021-03-25,7001220,한국교원대학교
B000005102,봉래초등학교거운분교장,초등학교,1934-06-10,공립,분교,운영,강원도 영월군 영월읍 거운리 517-1,강원도 영월군 영월읍 동강로 871-4,7800000,강원도교육청,7901000,강원도영월교육지원청,2013-11-29,2020-09-22,37.2366425338,128.5119160956,2021-03-25,7001220,한국교원대학교
B000008872,인천청라중학교,중학교,2011-03-01,공립,본교,운영,인천광역시 서구 청라동 125-4,인천광역시 서구 청라라임로 112,7310000,인천광역시교육청,7361000,인천광역시서부교육지원청,2013-11-29,2020-09-22,37.5378394134,126.6538740276,2021-03-25,7001220,한국교원대학교
B000003029,인천부평동초등학교,초등학교,1940-04-06,공립,본교,운영,인천광역시 부평구 부평동 440-1,인천광역시 부평구 부평대로88번길 19,7310000,인천광역시교육청,7331000,인천광역시북부교육지원청,2013-11-29,2020-09-22,37.4995139810,126.7244083112,2021-03-25,7001220,한국교원대학교
B000003333,동곡초등학교,초등학교,1932-06-01,공립,본교,운영,광주광역시 광산구 하산동 141,광주광역시 광산구 동곡로 151-17,7380000,광주광역시교육청,7401000,광주광역시서부교육지원청,2013-11-29,2020-09-22,35.0981012305,126.7735414668,2021-03-25,7001220,한국교원대학교
B000002135,서울잠실초등학교,초등학교,1975-11-01,공립,본교,운영,서울특별시 송파구 신천동 20-2,서울특별시 송파구 올림픽로35길 20,7010000,서울특별시교육청,7130000,서울특별시강동송파교육지원청,2013-11-29,2020-09-22,37.52010753,127.1113113852,2021-03-25,7001220,한국교원대학교
B000012183,경덕여자고등학교,고등학교,1983-09-23,공립,본교,운영,대구광역시 서구 중리동 100-1,대구광역시 서구 국채보상로34길 50,7240000,대구광역시교육청,7261000,대구광역시서부교육지원청,2013-11-29,2020-09-22,35.8635711902,128.5489380795,2021-03-25,7001220,한국교원대학교
B000007019,김천부곡초등학교,초등학교,2001-03-01,공립,본교,운영,경상북도 김천시 부곡동 1512,경상북도 김천시 부곡맛고을1길 147,8750000,경상북도교육청,8781000,경상북도김천교육지원청,2013-11-29,2020-09-22,36.1248664104,128.0950564205,2021-03-25,7001220,한국교원대학교
B000023263,세종고등학교,고등학교,1926-10-06,공립,본교,운영,세종특별자치시 조치원읍 서창리 30-2,세종특별자치시 조치원읍 조치원중고길 10,9300000,세종특별자치시교육청,9300000,세종특별자치시교육청,2013-11-29,2020-09-22,36.6113262952,127.2989869595,2021-03-25,7001220,한국교원대학교
B000002608,연제초등학교,초등학교,1967-08-09,공립,본교,운영,부산광역시 연제구 연산동 1300,부산광역시 연제구 중앙대로1065번길 14,7150000,부산광역시교육청,7191000,부산광역시동래교육지원청,2013-11-29,2020-09-22,35.1840540084,129.0778741955,2021-03-25,7001220,한국교원대학교
B000011134,동부중학교,중학교,1960-05-01,공립,본교,운영,경상남도 거제시 동부면 산양리 348,경상남도 거제시 동부면 동부로 28-6,9010000,경상남도교육청,9111000,경상남도거제교육지원청,2013-11-29,2020-09-22,34.8208424413,128.6079629284,2021-03-25,7001220,한국교원대학교
B000011233,거창중학교고제분교장,중학교,1972-03-01,공립,분교,운영,경상남도 거창군 고제면 농산리 184,경상남도 거창군 고제면 고제로 48,9010000,경상남도교육청,9211000,경상남도거창교육지원청,2013-11-29,2020-09-22,35.8141241425,127.8735690844,2021-03-25,7001220,한국교원대학교
B000004997,인구초등학교,초등학교,1922-05-10,공립,본교,운영,강원도 양양군 현남면 인구리 44-5,강원도 양양군 현남면 해송천로 10,7800000,강원도교육청,7862000,강원도속초양양교육지원청,2013-11-29,2020-09-22,37.9680829996,128.7583978676,2021-03-25,7001220,한국교원대학교
B000007815,고암초등학교,초등학교,1926-09-13,공립,본교,운영,경상남도 창녕군 고암면 중대리 284,경상남도 창녕군 고암면 고암성산대로 6-5,9010000,경상남도교육청,9141000,경상남도창녕교육지원청,2013-11-29,2020-09-22,35.5776314422,128.5114791556,2021-03-25,7001220,한국교원대학교
B000005879,예산중앙초등학교,초등학교,1957-10-07,공립,본교,운영,충청남도 예산군 예산읍 주교리 250-5,충청남도 예산군 예산읍 주교로 21,8140000,충청남도교육청,8271000,충청남도예산교육지원청,2013-11-29,2020-09-22,36.6841874377,126.8314071883,2021-03-25,7001220,한국교원대학교
B000009467,철산중학교,중학교,1983-03-01,공립,본교,운영,경기도 광명시 철산동 558,경기도 광명시 철망산로 71,7530000,경기도교육청,7591000,경기도광명교육지원청,2013-11-29,2020-09-22,37.4703083188,126.8753237374,2021-03-25,7001220,한국교원대학교
B000004278,철산초등학교,초등학교,1982-09-11,공립,본교,운영,경기도 광명시 철산동 555,경기도 광명시 하안로 392,7530000,경기도교육청,7591000,경기도광명교육지원청,2013-11-29,2020-09-22,37.4697943306,126.8745934223,2021-03-25,7001220,한국교원대학교
B000007996,일도초등학교,초등학교,1968-03-02,공립,본교,운영,제주특별자치도 제주시 일도이동 1038-1,제주특별자치도 제주시 삼성로9길 27,9290000,제주특별자치도교육청,9296000,제주특별자치도제주시교육지원청,2013-11-29,2020-09-22,33.5090782389,126.5294156860,2021-03-25,7001220,한국교원대학교
B000012840,고성고등학교,고등학교,1958-05-25,공립,본교,운영,강원도 고성군 간성읍 상리 391,강원도 고성군 간성읍 수성로 125,7800000,강원도교육청,7971000,강원도고성교육지원청,2013-11-29,2020-09-22,38.3782834001,128.4610028672,2021-03-25,7001220,한국교원대학교
B000012123,사직여자고등학교,고등학교,1986-04-29,사립,본교,운영,부산광역시 동래구 사직동 981-1,부산광역시 동래구 쇠미로27번길 21,7150000,부산광역시교육청,7191000,부산광역시동래교육지원청,2013-11-29,2020-09-22,35.1968431020,129.0514472344,2021-03-25,7001220,한국교원대학교
B000012380,대전지족고등학교,고등학교,2004-03-01,공립,본교,운영,대전광역시 유성구 지족동 857,대전광역시 유성구 노은서로 202,7430000,대전광역시교육청,7451000,대전광역시서부교육지원청,2013-11-29,2020-09-22,36.3780321180,127.3156568,2021-03-25,7001220,한국교원대학교
B000023142,다정고등학교,고등학교,2019-03-01,공립,본교,운영,세종특별자치시 다정동 22-3,세종특별자치시 다정남로 15,9300000,세종특별자치시교육청,9300000,세종특별자치시교육청,2013-11-29,2020-09-22,36.49334119,127.2422287,2021-03-25,7001220,한국교원대학교
B000006988,괘릉초등학교,초등학교,1963-03-02,공립,본교,운영,경상북도 경주시 외동읍 괘릉리 595,경상북도 경주시 외동읍 신계입실길 139-5,8750000,경상북도교육청,8771000,경상북도경주교육지원청,2013-11-29,2020-09-22,35.7604076393,129.3225669704,2021-03-25,7001220,한국교원대학교
B000002878,대구대곡초등학교,초등학교,1996-09-01,공립,본교,운영,대구광역시 달서구 도원동 1458,대구광역시 달서구 도원남로 60,7240000,대구광역시교육청,7271000,대구광역시남부교육지원청,2013-11-29,2020-09-22,35.8032985992,128.5357038605,2021-03-25,7001220,한국교원대학교
B000025000,서울자곡초등학교,초등학교,2014-10-24,공립,본교,운영,서울특별시 강남구 자곡동 642,서울특별시 강남구 자곡로 150,7010000,서울특별시교육청,7091300,서울특별시강남서초교육지원청,2013-12-02,2020-09-22,37.4721907190,127.0996665,2021-03-25,7001220,한국교원대학교
B000011764,김해생명과학고등학교,고등학교,1927-05-05,공립,본교,운영,경상남도 김해시 외동 743,경상남도 김해시 금관대로 1239,9010000,경상남도교육청,9091000,경상남도김해교육지원청,2013-11-29,2020-09-22,35.2372389782,128.8552701706,2021-03-25,7001220,한국교원대학교
B000002832,대구매천초등학교,초등학교,1949-09-01,공립,본교,운영,대구광역시 북구 매천동 176,대구광역시 북구 매천로 179,7240000,대구광역시교육청,7261000,대구광역시서부교육지원청,2013-11-29,2020-09-22,35.9133265119,128.5410366927,2021-03-25,7001220,한국교원대학교
B000002863,대구남명초등학교,초등학교,1984-03-01,공립,본교,운영,대구광역시 남구 대명동 483,대구광역시 남구 큰골4길 41,7240000,대구광역시교육청,7271000,대구광역시남부교육지원청,2013-11-29,2020-09-22,35.8343638477,128.5819866404,2021-03-25,7001220,한국교원대학교
B000002088,서울명신초등학교,초등학교,1971-10-06,공립,본교,운영,서울특별시 종로구 창신동 7-40,서울특별시 종로구 낙산길 250,7010000,서울특별시교육청,7061000,서울특별시중부교육지원청,2013-11-29,2020-09-22,37.58146865,127.0146228932,2021-03-25,7001220,한국교원대학교
B000003334,도산초등학교,초등학교,2006-03-01,공립,본교,운영,광주광역시 광산구 도산동 659-1,광주광역시 광산구 송정외로 6,7380000,광주광역시교육청,7401000,광주광역시서부교육지원청,2013-11-29,2020-09-22,35.1261929101,126.7917518,2021-03-25,7001220,한국교원대학교
B000011032,창원대산중학교,중학교,1949-04-26,사립,본교,운영,경상남도 창원시 의창구 대산면 제동리 280,경상남도 창원시 의창구 대산면 진산대로 380,9010000,경상남도교육청,9022000,경상남도창원교육지원청,2013-11-29,2020-09-22,35.33415986,128.7104330016,2021-03-25,7001220,한국교원대학교
B000013196,경안고등학교,고등학교,1954-05-14,사립,본교,운영,경상북도 안동시 금곡동 124-17,경상북도 안동시 제비원로 182,8750000,경상북도교육청,8791000,경상북도안동교육지원청,2013-11-29,2020-09-22,36.56850446,128.7204749,2021-03-25,7001220,한국교원대학교
B000005908,원북초등학교,초등학교,1932-06-11,공립,본교,운영,충청남도 태안군 원북면 반계리 222,충청남도 태안군 원북면 원이로 849-3,8140000,충청남도교육청,8281000,충청남도태안교육지원청,2013-11-29,2020-09-22,36.8262041002,126.2585619197,2021-03-25,7001220,한국교원대학교
B000009077,유곡중학교,중학교,2003-03-05,공립,본교,운영,울산광역시 중구 태화동 196,울산광역시 중구 유곡로 85,7480000,울산광역시교육청,7491000,울산광역시강북교육지원청,2013-11-29,2020-09-22,35.5588249667,129.2995910068,2021-03-25,7001220,한국교원대학교
B000005276,모충초등학교,초등학교,1968-09-30,공립,본교,운영,충청북도 청주시 서원구 모충동 372,충청북도 청주시 서원구 쌍샘로 49,8000000,충청북도교육청,8011000,충청북도청주교육지원청,2013-11-29,2020-09-22,36.6256894242,127.4783540238,2021-03-25,7001220,한국교원대학교
B000008707,대명중학교,중학교,1970-06-05,공립,본교,운영,대구광역시 남구 대명동 519,대구광역시 남구 앞산순환로 477,7240000,대구광역시교육청,7271000,대구광역시남부교육지원청,2013-11-29,2020-09-22,35.8330892196,128.5767451069,2021-03-25,7001220,한국교원대학교
B000002522,연지초등학교,초등학교,1962-03-09,공립,본교,운영,부산광역시 부산진구 연지동 238-4,부산광역시 부산진구 연지로 29,7150000,부산광역시교육청,7181000,부산광역시남부교육지원청,2013-11-29,2020-09-22,35.1727095041,129.0521377283,2021-03-25,7001220,한국교원대학교
B000025754,인천경연중학교,중학교,2020-03-01,공립,본교,운영,인천광역시 서구 청라동 84-2,인천광역시 서구 차오름로 64,7310000,인천광역시교육청,7361000,인천광역시서부교육지원청,2013-11-29,2020-09-22,37.5384965110,126.6262362689,2021-03-25,7001220,한국교원대학교
B000008006,애월초등학교,초등학교,1923-09-04,공립,본교,운영,제주특별자치도 제주시 애월읍 애월리 1753-1,제주특별자치도 제주시 애월읍 애월로 139-10,9290000,제주특별자치도교육청,9296000,제주특별자치도제주시교육지원청,2013-11-29,2020-09-22,33.4654894858,126.3224061217,2021-03-25,7001220,한국교원대학교
B000012734,삼광고등학교,고등학교,1982-03-02,사립,본교,운영,경기도 파주시 적성면 식현리 284,경기도 파주시 적성면 청송로 701,7530000,경기도교육청,7681000,경기도파주교육지원청,2013-11-29,2020-09-22,37.9455777258,126.8855095107,2021-03-25,7001220,한국교원대학교
B000010932,인평중학교,중학교,2009-03-01,공립,본교,운영,경상북도 칠곡군 북삼읍 인평리 518-2,경상북도 칠곡군 북삼읍 북삼로 223,8750000,경상북도교육청,8941000,경상북도칠곡교육지원청,2013-11-29,2020-09-22,36.0625935188,128.3356923,2021-03-25,7001220,한국교원대학교
B000002219,서울신곡초등학교,초등학교,1984-10-22,공립,본교,운영,서울특별시 강서구 화곡동 476-42,서울특별시 강서구 등촌로13자길 42-14,7010000,서울특별시교육청,7081300,서울특별시강서양천교육지원청,2013-11-29,2020-09-22,37.5390954574,126.8560095693,2021-03-25,7001220,한국교원대학교
B000004988,조산초등학교,초등학교,1944-04-10,공립,본교,운영,강원도 양양군 양양읍 조산리 450-5,강원도 양양군 양양읍 동해대로 3020,7800000,강원도교육청,7862000,강원도속초양양교육지원청,2013-11-29,2020-09-22,38.1137111073,128.6323998268,2021-03-25,7001220,한국교원대학교
B000002829,대구구암초등학교,초등학교,1995-09-01,공립,본교,운영,대구광역시 북구 구암동 694-1,대구광역시 북구 학정로 245,7240000,대구광역시교육청,7261000,대구광역시서부교육지원청,2013-11-29,2020-09-22,35.9281013,128.5577604036,2021-03-25,7001220,한국교원대학교
B000012067,단국대학교사범대학부속고등학교,고등학교,1983-12-26,사립,본교,운영,서울특별시 강남구 대치동 1013-3,서울특별시 강남구 도곡로64길 21,7010000,서울특별시교육청,7091300,서울특별시강남서초교육지원청,2013-11-29,2020-09-22,37.4956174948,127.0577682282,2021-03-25,7001220,한국교원대학교
B000004405,서운초등학교,초등학교,1927-04-10,공립,본교,운영,경기도 안성시 서운면 동촌리 146-2,경기도 안성시 서운면 서운초교길 24,7530000,경기도교육청,7761000,경기도안성교육지원청,2013-11-29,2020-09-22,36.9464627181,127.2549897714,2021-03-25,7001220,한국교원대학교
B000001894,서울불광초등학교,초등학교,1962-04-18,공립,본교,운영,서울특별시 은평구 불광동 272-2,서울특별시 은평구 불광로 51,7010000,서울특별시교육청,7031000,서울특별시서부교육지원청,2013-11-29,2020-09-22,37.6134294463,126.9307187122,2021-03-25,7001220,한국교원대학교
B000002722,죽성초등학교,초등학교,1957-04-16,공립,본교,운영,부산광역시 기장군 기장읍 죽성리 86,부산광역시 기장군 기장읍 죽성로 270,7150000,부산광역시교육청,7211000,부산광역시해운대교육지원청,2013-11-29,2020-09-22,35.2427562704,129.2436029474,2021-03-25,7001220,한국교원대학교
B000010997,안민중학교,중학교,2007-03-01,공립,본교,운영,경상남도 창원시 성산구 안민동 663-4,경상남도 창원시 성산구 안민로160번길 11,9010000,경상남도교육청,9022000,경상남도창원교육지원청,2013-11-29,2020-09-22,35.1836541559,128.6933756933,2021-03-25,7001220,한국교원대학교
B000011664,나주상업고등학교,고등학교,1967-03-08,공립,본교,운영,전라남도 나주시 청동 88-1,전라남도 나주시 함박산길 23-4,8490000,전라남도교육청,8531000,전라남도나주교육지원청,2013-11-29,2020-09-22,35.0426959396,126.7224109554,2021-03-25,7001220,한국교원대학교
B000007920,수동초등학교,초등학교,1920-04-10,공립,본교,운영,경상남도 함양군 수동면 화산리 1097,경상남도 함양군 수동면 연화산길 18-1,9010000,경상남도교육청,9201000,경상남도함양교육지원청,2013-11-29,2020-09-22,35.5232717275,127.7909027631,2021-03-25,7001220,한국교원대학교
B000002816,대구중리초등학교,초등학교,1954-04-01,공립,본교,운영,대구광역시 서구 이현동 48-145,대구광역시 서구 국채보상로 135,7240000,대구광역시교육청,7261000,대구광역시서부교육지원청,2013-11-29,2020-09-22,35.8697138314,128.5454392,2021-03-25,7001220,한국교원대학교
B000008318,봉영여자중학교,중학교,1951-10-08,사립,본교,운영,서울특별시 양천구 신정동 325-8,서울특별시 양천구 목동동로2길 68,7010000,서울특별시교육청,7081300,서울특별시강서양천교육지원청,2013-11-29,2020-09-22,37.5092159752,126.8601984259,2021-03-25,7001220,한국교원대학교
B000009722,백학중학교,중학교,1962-04-02,공립,본교,운영,경기도 연천군 백학면 두일리 568-2,경기도 연천군 백학면 두일로 79,7530000,경기도교육청,7701000,경기도연천교육지원청,2013-11-29,2020-09-22,38.0267150752,126.9083579131,2021-03-25,7001220,한국교원대학교
B000002854,대구북부초등학교,초등학교,1995-09-01,공립,본교,운영,대구광역시 북구 동천동 880,대구광역시 북구 동천로 20,7240000,대구광역시교육청,7261000,대구광역시서부교육지원청,2013-11-29,2020-09-22,35.9334796473,128.5592140247,2021-03-25,7001220,한국교원대학교
B000010913,이서중학교,중학교,1952-05-15,사립,본교,운영,경상북도 청도군 이서면 서원리 331-3,경상북도 청도군 이서면 학산1길 22,8750000,경상북도교육청,8911000,경상북도청도교육지원청,2013-11-29,2020-09-22,35.6624946716,128.6684614384,2021-03-25,7001220,한국교원대학교
B000013549,충현고등학교,고등학교,1997-03-05,공립,본교,운영,경기도 광명시 소하동 991-1,경기도 광명시 오리로348번길 62,7530000,경기도교육청,7591000,경기도광명교육지원청,2013-11-29,2020-09-22,37.4329599594,126.8845280719,2021-03-25,7001220,한국교원대학교
B000011564,정선정보공업고등학교,고등학교,1951-09-01,공립,본교,운영,강원도 정선군 정선읍 북실리 765-1,강원도 정선군 정선읍 용담샛길 2,7800000,강원도교육청,7921000,강원도정선교육지원청,2013-11-29,2020-09-22,37.3804561211,128.6471346072,2021-03-25,7001220,한국교원대학교
B000002289,서울논현초등학교,초등학교,1972-11-23,공립,본교,운영,서울특별시 강남구 논현동 168,서울특별시 강남구 강남대로120길 33,7010000,서울특별시교육청,7091300,서울특별시강남서초교육지원청,2013-11-29,2020-09-22,37.5084232,127.0262229106,2021-03-25,7001220,한국교원대학교
B000008927,풍암중학교,중학교,2000-03-02,공립,본교,운영,광주광역시 서구 풍암동 1098,광주광역시 서구 풍암순환로 51,7380000,광주광역시교육청,7401000,광주광역시서부교육지원청,2013-11-29,2020-09-22,35.1223590426,126.8781231485,2021-03-25,7001220,한국교원대학교
B000002734,대구수창초등학교,초등학교,1907-07-13,공립,본교,운영,대구광역시 중구 수창동 73,대구광역시 중구 달성로22길 30,7240000,대구광역시교육청,7251000,대구광역시동부교육지원청,2013-11-29,2020-09-22,35.87429166,128.5834452554,2021-03-25,7001220,한국교원대학교
B000002281,서울구룡초등학교,초등학교,1985-05-06,공립,본교,운영,서울특별시 강남구 개포동 655,서울특별시 강남구 개포로 263,7010000,서울특별시교육청,7091300,서울특별시강남서초교육지원청,2013-11-29,2020-09-22,37.4811973926,127.0517714355,2021-03-25,7001220,한국교원대학교
B000012210,대곡고등학교,고등학교,2003-03-03,공립,본교,운영,대구광역시 달서구 도원동 1459,대구광역시 달서구 도원남로 80,7240000,대구광역시교육청,7271000,대구광역시남부교육지원청,2013-11-29,2020-09-22,35.8032373605,128.5368570279,2021-03-25,7001220,한국교원대학교
B000012106,광명고등학교,고등학교,1989-03-01,사립,본교,운영,부산광역시 영도구 동삼동 226-118,부산광역시 영도구 와치로 131,7150000,부산광역시교육청,7171000,부산광역시서부교육지원청,2013-11-29,2020-09-22,35.0836654934,129.0646045438,2021-03-25,7001220,한국교원대학교
B000002808,대구두류초등학교,초등학교,1986-03-11,공립,본교,운영,대구광역시 서구 내당동 211-1,대구광역시 서구 달구벌대로357길 22,7240000,대구광역시교육청,7261000,대구광역시서부교육지원청,2013-11-29,2020-09-22,35.8616155185,128.5599761,2021-03-25,7001220,한국교원대학교
B000023177,구산고등학교,고등학교,2015-03-01,공립,본교,운영,경상남도 김해시 구산동 396,경상남도 김해시 가야로 311,9010000,경상남도교육청,9091000,경상남도김해교육지원청,2013-11-29,2020-09-22,35.2504435908,128.8756694063,2021-03-25,7001220,한국교원대학교
B000003204,광주용산초등학교,초등학교,1998-02-05,공립,본교,운영,광주광역시 동구 용산동 180,광주광역시 동구 화산로 334,7380000,광주광역시교육청,7391000,광주광역시동부교육지원청,2013-11-29,2020-09-22,35.1187678230,126.9316526091,2021-03-25,7001220,한국교원대학교
B000002089,서울독립문초등학교,초등학교,1957-09-28,공립,본교,운영,서울특별시 종로구 무악동 46-82,서울특별시 종로구 통일로12길 23,7010000,서울특별시교육청,7061000,서울특별시중부교육지원청,2013-11-29,2020-09-22,37.5742155272,126.9599721998,2021-03-25,7001220,한국교원대학교
B000005115,장평초등학교,초등학교,1954-02-02,공립,본교,운영,강원도 평창군 용평면 장평리 404-1,강원도 평창군 용평면 갈정지길 35-43,7800000,강원도교육청,7911000,강원도평창교육지원청,2013-11-29,2020-09-22,37.5925637283,128.4107168781,2021-03-25,7001220,한국교원대학교
B000022762,서울공진초등학교,초등학교,1992-11-05,공립,본교,운영,서울특별시 강서구 마곡동 730-676,서울특별시 강서구 마곡서로 33,7010000,서울특별시교육청,7081300,서울특별시강서양천교육지원청,2013-11-29,2020-09-22,37.55780477,126.8226103516,2021-03-25,7001220,한국교원대학교
B000013266,이서고등학교,고등학교,1970-05-15,사립,본교,운영,경상북도 청도군 이서면 서원리 331-3,경상북도 청도군 이서면 학산1길 22,8750000,경상북도교육청,8911000,경상북도청도교육지원청,2013-11-29,2020-09-22,35.6624946716,128.6684614384,2021-03-25,7001220,한국교원대학교
B000002314,서울영화초등학교,초등학교,1962-09-03,공립,본교,운영,서울특별시 동작구 대방동 13-2,서울특별시 동작구 등용로8길 3,7010000,서울특별시교육청,7132000,서울특별시동작관악교육지원청,2013-11-29,2020-09-22,37.5089081141,126.9329735477,2021-03-25,7001220,한국교원대학교
B000003866,안양관악초등학교,초등학교,2000-03-01,공립,본교,운영,경기도 안양시 동안구 관양동 367-2,경기도 안양시 동안구 일동로 201,7530000,경기도교육청,7569000,경기도안양과천교육지원청,2013-11-29,2020-09-22,37.4066485536,126.9681913710,2021-03-25,7001220,한국교원대학교
B000005883,대술초등학교,초등학교,1931-06-01,공립,본교,운영,충청남도 예산군 대술면 화천리 372-2,충청남도 예산군 대술면 원농리길 12,8140000,충청남도교육청,8271000,충청남도예산교육지원청,2013-11-29,2020-09-22,36.6566797742,126.8960835366,2021-03-25,7001220,한국교원대학교
B000007609,벽방초등학교,초등학교,1922-04-15,공립,본교,운영,경상남도 통영시 광도면 안정리 1058,경상남도 통영시 광도면 안정로 815,9010000,경상남도교육청,9071000,경상남도통영교육지원청,2013-11-29,2020-09-22,34.9484546373,128.4099256560,2021-03-25,7001220,한국교원대학교
B000012767,치악고등학교,고등학교,2005-03-01,공립,본교,운영,강원도 원주시 관설동 1798-1,강원도 원주시 치악고교길 16,7800000,강원도교육청,7821000,강원도원주교육지원청,2013-11-29,2020-09-22,37.3157646821,127.9585892,2021-03-25,7001220,한국교원대학교
B000005161,장흥초등학교,초등학교,1955-04-20,공립,본교,운영,강원도 철원군 동송읍 장흥리 238-5,강원도 철원군 동송읍 태봉로 2017,7800000,강원도교육청,7931000,강원도철원교육지원청,2013-11-29,2020-09-22,38.1933713147,127.2668579426,2021-03-25,7001220,한국교원대학교
B000004389,안성초등학교,초등학교,1902-09-15,공립,본교,운영,경기도 안성시 구포동 170,경기도 안성시 혜산로 13,7530000,경기도교육청,7761000,경기도안성교육지원청,2013-11-29,2020-09-22,37.0122700979,127.2725354182,2021-03-25,7001220,한국교원대학교
B000007152,영천초등학교,초등학교,1911-09-01,공립,본교,운영,경상북도 영천시 금노동 504-1,경상북도 영천시 천문로 253,8750000,경상북도교육청,8821000,경상북도영천교육지원청,2013-11-29,2020-09-22,35.9617556008,128.9314309329,2021-03-25,7001220,한국교원대학교
B000011718,한국생명과학고등학교,고등학교,1933-04-20,공립,본교,운영,경상북도 안동시 옥동 1230,경상북도 안동시 하이마로 385,8750000,경상북도교육청,8791000,경상북도안동교육지원청,2013-11-29,2020-09-22,36.5504490216,128.6877645958,2021-03-25,7001220,한국교원대학교
B000013202,성희여자고등학교,고등학교,1985-03-01,사립,본교,운영,경상북도 안동시 정하동 산102-1,경상북도 안동시 강남로 246,8750000,경상북도교육청,8791000,경상북도안동교육지원청,2013-11-29,2020-09-22,36.5515310931,128.7291441775,2021-03-25,7001220,한국교원대학교
B000013195,경일고등학교,고등학교,1972-12-26,사립,본교,운영,경상북도 안동시 신안동 51,경상북도 안동시 치이골길 46,8750000,경상북도교육청,8791000,경상북도안동교육지원청,2013-11-29,2020-09-22,36.57569842,128.7378294628,2021-03-25,7001220,한국교원대학교
B000013530,보문고등학교,고등학교,1975-03-05,사립,본교,운영,광주광역시 광산구 운수동 308,광주광역시 광산구 어등대로529번길 37,7380000,광주광역시교육청,7401000,광주광역시서부교육지원청,2013-11-29,2020-09-22,35.1538630655,126.7768704890,2021-03-25,7001220,한국교원대학교
B000002807,대구내서초등학교,초등학교,1988-10-20,공립,본교,운영,대구광역시 서구 내당동 11-33,대구광역시 서구 달구벌대로371길 35,7240000,대구광역시교육청,7261000,대구광역시서부교육지원청,2013-11-29,2020-09-22,35.8638196375,128.5667600041,2021-03-25,7001220,한국교원대학교
B000005327,세성초등학교,초등학교,1936-04-01,공립,본교,운영,충청북도 충주시 살미면 세성리 147,충청북도 충주시 살미면 매남이길 31,8000000,충청북도교육청,8021000,충청북도충주교육지원청,2013-11-29,2020-09-22,36.90479486,127.9692481680,2021-03-25,7001220,한국교원대학교
B000007980,도리초등학교,초등학교,1946-12-01,공립,본교,운영,제주특별자치도 제주시 도두일동 2430-1,제주특별자치도 제주시 도리로 129,9290000,제주특별자치도교육청,9296000,제주특별자치도제주시교육지원청,2013-11-29,2020-09-22,33.5018561661,126.4654959465,2021-03-25,7001220,한국교원대학교
B000002915,대구장산초등학교,초등학교,1999-05-04,공립,본교,운영,대구광역시 달서구 용산동 957,대구광역시 달서구 장산로 30,7240000,대구광역시교육청,7271000,대구광역시남부교육지원청,2013-11-29,2020-09-22,35.8548374202,128.5265017727,2021-03-25,7001220,한국교원대학교
B000004971,철암초등학교,초등학교,1941-11-11,공립,본교,운영,강원도 태백시 철암동 341-3,강원도 태백시 동태백로 584,7800000,강원도교육청,7851000,강원도태백교육지원청,2013-11-29,2020-09-22,37.1217467491,129.0429224234,2021-03-25,7001220,한국교원대학교
B000011808,부산해사고등학교,고등학교,1978-03-27,국립,본교,운영,부산광역시 영도구 동삼동 1167,부산광역시 영도구 해양로 425,7150000,부산광역시교육청,7171000,부산광역시서부교육지원청,2013-11-29,2020-09-22,35.0741904987,129.0770175149,2021-03-25,7001220,한국교원대학교
B000005287,수곡초등학교,초등학교,1995-03-02,공립,본교,운영,충청북도 청주시 서원구 수곡동 779,충청북도 청주시 서원구 수곡로 73,8000000,충청북도교육청,8011000,충청북도청주교육지원청,2013-11-29,2020-09-22,36.6183643661,127.4711256374,2021-03-25,7001220,한국교원대학교
B000002841,대구칠곡초등학교,초등학교,1912-04-01,공립,본교,운영,대구광역시 북구 읍내동 794,대구광역시 북구 칠곡중앙대로110길 5,7240000,대구광역시교육청,7261000,대구광역시서부교육지원청,2013-11-29,2020-09-22,35.9451708689,128.5517244,2021-03-25,7001220,한국교원대학교
B000008928,광주화정중학교,중학교,1979-09-01,공립,본교,운영,광주광역시 서구 화정동 647-7,광주광역시 서구 화운로 53,7380000,광주광역시교육청,7401000,광주광역시서부교육지원청,2013-11-29,2020-09-22,35.1441252947,126.8823690931,2021-03-25,7001220,한국교원대학교
B000012097,혜광고등학교,고등학교,1955-03-29,사립,본교,운영,부산광역시 중구 보수동1가 2-420,부산광역시 중구 망양로259번길 5,7150000,부산광역시교육청,7171000,부산광역시서부교육지원청,2013-11-29,2020-09-22,35.1087998229,129.0246054036,2021-03-25,7001220,한국교원대학교
B000005089,봉래초등학교,초등학교,1946-05-20,공립,본교,운영,강원도 영월군 영월읍 덕포리 557,강원도 영월군 영월읍 중앙로 168-17,7800000,강원도교육청,7901000,강원도영월교육지원청,2013-11-29,2020-09-22,37.1771174714,128.4749780677,2021-03-25,7001220,한국교원대학교
B000009832,영월중학교,중학교,1946-09-18,공립,본교,운영,강원도 영월군 영월읍 영흥리 716-1,강원도 영월군 영월읍 오무개길 51,7800000,강원도교육청,7901000,강원도영월교육지원청,2013-11-29,2020-09-22,37.1905944289,128.4711873761,2021-03-25,7001220,한국교원대학교
B000002129,서울가원초등학교,초등학교,1989-03-01,공립,본교,운영,서울특별시 송파구 문정동 150-10,서울특별시 송파구 중대로4길 8,7010000,서울특별시교육청,7130000,서울특별시강동송파교육지원청,2013-11-29,2020-09-22,37.4894421482,127.1110273898,2021-03-25,7001220,한국교원대학교
B000022744,모전중학교,중학교,2014-03-01,공립,본교,운영,부산광역시 기장군 정관읍 모전리 720,부산광역시 기장군 정관읍 정관1로 9,7150000,부산광역시교육청,7211000,부산광역시해운대교육지원청,2013-11-29,2020-09-22,35.3381187312,129.1621538,2021-03-25,7001220,한국교원대학교
B000008313,목동중학교,중학교,1981-05-20,공립,본교,운영,서울특별시 양천구 신정동 88-1,서울특별시 양천구 목동동로 172,7010000,서울특별시교육청,7081300,서울특별시강서양천교육지원청,2013-11-29,2020-09-22,37.5209571978,126.8714631,2021-03-25,7001220,한국교원대학교
B000012405,울산제일고등학교,고등학교,1988-03-01,사립,본교,운영,울산광역시 남구 옥동 910-1,울산광역시 남구 남부순환도로 107,7480000,울산광역시교육청,7501000,울산광역시강남교육지원청,2013-11-29,2020-09-22,35.5425894389,129.2681645,2021-03-25,7001220,한국교원대학교
B000003548,울산중앙초등학교,초등학교,1972-03-11,공립,본교,운영,울산광역시 남구 신정동 592-2,울산광역시 남구 돋질로91번길 34,7480000,울산광역시교육청,7501000,울산광역시강남교육지원청,2013-11-29,2020-09-22,35.5411434445,129.3155287208,2021-03-25,7001220,한국교원대학교
B000009729,봄내중학교,중학교,1934-04-10,공립,본교,운영,강원도 춘천시 효자동 214-4,강원도 춘천시 공지로200번길 36,7800000,강원도교육청,7811000,강원도춘천교육지원청,2013-11-29,2020-09-22,37.8654675364,127.7407637,2021-03-25,7001220,한국교원대학교
B000012774,육민관고등학교,고등학교,1946-03-15,사립,본교,운영,강원도 원주시 흥업면 흥업리 751,강원도 원주시 흥업면 북원로 1800,7800000,강원도교육청,7821000,강원도원주교육지원청,2013-11-29,2020-09-22,37.3093635674,127.9184855025,2021-03-25,7001220,한국교원대학교
B000012412,남목고등학교,고등학교,2008-03-01,공립,본교,운영,울산광역시 동구 서부동 728,울산광역시 동구 방어진순환도로 1200,7480000,울산광역시교육청,7491000,울산광역시강북교육지원청,2013-11-29,2020-09-22,35.5380104249,129.4187517071,2021-03-25,7001220,한국교원대학교
B000005372,가덕초등학교,초등학교,1922-05-11,공립,본교,운영,충청북도 청주시 상당구 가덕면 병암리 125,충청북도 청주시 상당구 가덕면 단재로 1448,8000000,충청북도교육청,8011000,충청북도청주교육지원청,2013-11-29,2020-09-22,36.5779265039,127.5784827167,2021-03-25,7001220,한국교원대학교
B000008258,오륜중학교,중학교,1989-04-18,공립,본교,운영,서울특별시 송파구 방이동 89-7,서울특별시 송파구 양재대로 1242,7010000,서울특별시교육청,7130000,서울특별시강동송파교육지원청,2013-11-29,2020-09-22,37.5163239460,127.1389238324,2021-03-25,7001220,한국교원대학교
B000002791,대구범일초등학교,초등학교,1992-07-25,공립,본교,운영,대구광역시 수성구 범물동 1364,대구광역시 수성구 범안로4길 22,7240000,대구광역시교육청,7251000,대구광역시동부교육지원청,2013-11-29,2020-09-22,35.8163164582,128.6388283947,2021-03-25,7001220,한국교원대학교
B000002789,대구복명초등학교,초등학교,1926-04-10,공립,본교,운영,대구광역시 수성구 범물동 1293,대구광역시 수성구 범안로20길 8,7240000,대구광역시교육청,7251000,대구광역시동부교육지원청,2013-11-29,2020-09-22,35.8176268020,128.6472131311,2021-03-25,7001220,한국교원대학교
B000005919,안중초등학교,초등학교,1948-02-24,공립,본교,운영,충청남도 태안군 안면읍 중장리 653,충청남도 태안군 안면읍 율포길 31,8140000,충청남도교육청,8281000,충청남도태안교육지원청,2013-11-29,2020-09-22,36.4740116873,126.3722966978,2021-03-25,7001220,한국교원대학교
B000003415,대전중원초등학교,초등학교,1991-04-06,공립,본교,운영,대전광역시 대덕구 중리동 371-5,대전광역시 대덕구 중리로64번길 45,7430000,대전광역시교육청,7441000,대전광역시동부교육지원청,2013-11-29,2020-09-22,36.3658142021,127.4280276844,2021-03-25,7001220,한국교원대학교
B000025444,용아초등학교,초등학교,2020-09-01,공립,본교,운영,충청북도 청주시 상당구 용암동 236-6,충청북도 청주시 상당구 중고개로142번길 32-15,8000000,충청북도교육청,8011000,충청북도청주교육지원청,2013-11-29,2020-12-08,36.61822602,127.5225275,2021-03-25,7001220,한국교원대학교
B000011838,광주자동화설비공업고등학교,고등학교,1979-03-08,공립,본교,운영,광주광역시 광산구 우산동 1084,광주광역시 광산구 사암로92번길 136-26,7380000,광주광역시교육청,7401000,광주광역시서부교육지원청,2013-11-29,2021-03-23,35.1500209355,126.8140920883,2021-03-25,7001220,한국교원대학교
B000011362,부산디지털고등학교,고등학교,1954-03-24,사립,본교,운영,부산광역시 중구 영주동 446-2,부산광역시 중구 망양로 356,7150000,부산광역시교육청,7171000,부산광역시서부교육지원청,2013-11-29,2020-09-22,35.1088542935,129.0324467180,2021-03-25,7001220,한국교원대학교
B000004967,통리초등학교,초등학교,1959-04-06,공립,본교,운영,강원도 태백시 통동 69-8,강원도 태백시 통골2길 9,7800000,강원도교육청,7851000,강원도태백교육지원청,2013-11-29,2020-09-22,37.1667352748,129.0354652160,2021-03-25,7001220,한국교원대학교
B000002261,서울반포초등학교,초등학교,1974-03-20,공립,본교,운영,서울특별시 서초구 반포동 937,서울특별시 서초구 신반포로 55-4,7010000,서울특별시교육청,7091300,서울특별시강남서초교육지원청,2013-11-29,2020-09-22,37.5024848344,126.9917415829,2021-03-25,7001220,한국교원대학교
B000004104,시흥장현초등학교,초등학교,2003-03-01,공립,본교,운영,경기도 시흥시 장현동 169-6,경기도 시흥시 시청로80번길 5,7530000,경기도교육청,7781000,경기도시흥교육지원청,2013-11-29,2020-09-22,37.3817577837,126.7991022104,2021-03-25,7001220,한국교원대학교
B000006985,안강초등학교,초등학교,1946-02-01,공립,본교,운영,경상북도 경주시 안강읍 안강리 398-1,경상북도 경주시 안강읍 비화원로 34,8750000,경상북도교육청,8771000,경상북도경주교육지원청,2013-11-29,2020-09-22,35.9911290515,129.2291697,2021-03-25,7001220,한국교원대학교
B000002704,반안초등학교,초등학교,2002-03-01,공립,본교,운영,부산광역시 해운대구 반여동 1164-6,부산광역시 해운대구 명장로67번길 40-42,7150000,부산광역시교육청,7211000,부산광역시해운대교육지원청,2013-11-29,2020-09-22,35.20293351,129.1132301926,2021-03-25,7001220,한국교원대학교
B000024106,대구봉무초등학교,초등학교,2013-05-22,공립,본교,운영,대구광역시 동구 봉무동 1527,대구광역시 동구 팔공로53길 30,7240000,대구광역시교육청,7251000,대구광역시동부교육지원청,2013-11-29,2020-09-22,35.9258001678,128.6374377,2021-03-25,7001220,한국교원대학교
B000013540,성신고등학교,고등학교,1988-03-03,사립,본교,운영,울산광역시 중구 복산동 352-2,울산광역시 중구 성신고교길 26,7480000,울산광역시교육청,7491000,울산광역시강북교육지원청,2013-11-29,2020-09-22,35.5627065645,129.3278415304,2021-03-25,7001220,한국교원대학교
B000011399,대구공업고등학교,고등학교,1925-04-01,공립,본교,운영,대구광역시 동구 신암동 811,대구광역시 동구 대현로 135,7240000,대구광역시교육청,7251000,대구광역시동부교육지원청,2013-11-29,2020-09-22,35.8832126690,128.6141702084,2021-03-25,7001220,한국교원대학교
B000002750,대구동촌초등학교,초등학교,1945-11-23,공립,본교,운영,대구광역시 동구 방촌동 1047,대구광역시 동구 동촌로 168,7240000,대구광역시교육청,7251000,대구광역시동부교육지원청,2013-11-29,2020-09-22,35.8820279408,128.6589293128,2021-03-25,7001220,한국교원대학교
B000002764,대구효동초등학교,초등학교,1990-05-17,공립,본교,운영,대구광역시 동구 효목동 212-10,대구광역시 동구 효동로 78-7,7240000,대구광역시교육청,7251000,대구광역시동부교육지원청,2013-11-29,2020-09-22,35.8841262685,128.6447693,2021-03-25,7001220,한국교원대학교
B000022623,제석초등학교,초등학교,2015-03-01,공립,본교,운영,경상남도 통영시 광도면 죽림리 1583,경상남도 통영시 광도면 신죽1길 27,9010000,경상남도교육청,9071000,경상남도통영교육지원청,2013-11-29,2020-09-22,34.87573861,128.4165396828,2021-03-25,7001220,한국교원대학교
B000009392,송운중학교,중학교,1996-03-01,공립,본교,운영,경기도 시흥시 정왕동 1875-4,경기도 시흥시 옥구천동로 433-11,7530000,경기도교육청,7781000,경기도시흥교육지원청,2013-11-29,2020-09-22,37.3594106674,126.7314079689,2021-03-25,7001220,한국교원대학교
B000002531,운산초등학교,초등학교,1989-05-06,공립,본교,운영,부산광역시 남구 용호동 776,부산광역시 남구 용호로269번길 89,7150000,부산광역시교육청,7181000,부산광역시남부교육지원청,2013-11-29,2020-09-22,35.1102037421,129.1152251850,2021-03-25,7001220,한국교원대학교
B000012100,경남고등학교,고등학교,1942-04-30,공립,본교,운영,부산광역시 서구 동대신동3가 1-1,부산광역시 서구 망양로111번길 65,7150000,부산광역시교육청,7171000,부산광역시서부교육지원청,2013-11-29,2020-09-22,35.1201981032,129.0200403798,2021-03-25,7001220,한국교원대학교
B000002543,용호초등학교,초등학교,1963-12-15,공립,본교,운영,부산광역시 남구 용호동 75-1,부산광역시 남구 용호로42번길 94,7150000,부산광역시교육청,7181000,부산광역시남부교육지원청,2013-11-29,2020-09-22,35.1224792977,129.1089859676,2021-03-25,7001220,한국교원대학교
B000011009,용원중학교,중학교,2009-03-01,공립,본교,운영,경상남도 창원시 진해구 용원동 1231,경상남도 창원시 진해구 용원로77번길 16,9010000,경상남도교육청,9022000,경상남도창원교육지원청,2013-11-29,2020-09-22,35.0996550449,128.8179931624,2021-03-25,7001220,한국교원대학교
B000011848,울산예술고등학교,고등학교,1993-03-09,사립,본교,운영,울산광역시 울주군 웅촌면 대복리 475-1,울산광역시 울주군 웅촌면 웅촌로 621-6,7480000,울산광역시교육청,7501000,울산광역시강남교육지원청,2013-11-29,2020-09-22,35.4818641003,129.2162737750,2021-03-25,7001220,한국교원대학교
B000025316,신용중학교,중학교,2014-03-01,공립,본교,운영,광주광역시 북구 신용동 672,광주광역시 북구 첨단연신로133번길 32,7380000,광주광역시교육청,7391000,광주광역시동부교육지원청,2013-11-29,2020-09-22,35.2107844988,126.8609609479,2021-03-25,7001220,한국교원대학교
B000009731,강원체육중학교,중학교,2005-03-02,공립,본교,운영,강원도 춘천시 송암동 129-1,강원도 춘천시 자라우새길 126,7800000,강원도교육청,7811000,강원도춘천교육지원청,2013-11-29,2020-09-22,37.8591222889,127.6948040314,2021-03-25,7001220,한국교원대학교
B000009833,봉래중학교,중학교,1982-03-05,공립,본교,운영,강원도 영월군 영월읍 덕포리 374,강원도 영월군 영월읍 중리1길 172-17,7800000,강원도교육청,7901000,강원도영월교육지원청,2013-11-29,2020-09-22,37.1816281828,128.4858655436,2021-03-25,7001220,한국교원대학교
B000003478,학하초등학교,초등학교,1963-04-20,공립,본교,운영,대전광역시 유성구 학하동 576,대전광역시 유성구 진잠옛로 165,7430000,대전광역시교육청,7451000,대전광역시서부교육지원청,2013-11-29,2020-09-22,36.3345413234,127.3118275882,2021-03-25,7001220,한국교원대학교
B000003264,유촌초등학교,초등학교,1998-03-01,공립,본교,운영,광주광역시 서구 쌍촌동 1320-2,광주광역시 서구 내방로 153,7380000,광주광역시교육청,7401000,광주광역시서부교육지원청,2013-11-29,2020-09-22,35.1591400407,126.8579562866,2021-03-25,7001220,한국교원대학교
B000002438,부민초등학교,초등학교,1921-10-15,공립,본교,운영,부산광역시 서구 부용동2가 11,부산광역시 서구 고운들로 12,7150000,부산광역시교육청,7171000,부산광역시서부교육지원청,2013-11-29,2020-09-22,35.1059700795,129.0199210598,2021-03-25,7001220,한국교원대학교
B000008640,동촌중학교,중학교,1979-03-01,공립,본교,운영,대구광역시 동구 방촌동 1047-4,대구광역시 동구 동촌로 176,7240000,대구광역시교육청,7251000,대구광역시동부교육지원청,2013-11-29,2020-09-22,35.8824165345,128.6596318099,2021-03-25,7001220,한국교원대학교
B000004955,북삼초등학교,초등학교,1946-01-24,공립,본교,운영,강원도 동해시 지흥동 124-1,강원도 동해시 지양길 77,7800000,강원도교육청,7841000,강원도동해교육지원청,2013-11-29,2020-09-22,37.4956557859,129.1009681324,2021-03-25,7001220,한국교원대학교
B000009476,가림중학교,중학교,1991-03-01,공립,본교,운영,경기도 광명시 하안동 261,경기도 광명시 오리로 616,7530000,경기도교육청,7591000,경기도광명교육지원청,2013-11-29,2020-09-22,37.4576430810,126.8796742172,2021-03-25,7001220,한국교원대학교
B000012199,대구여자고등학교,고등학교,1954-06-21,공립,본교,운영,대구광역시 수성구 범어동 240-4,대구광역시 수성구 달구벌대로488길 17,7240000,대구광역시교육청,7251000,대구광역시동부교육지원청,2013-11-29,2020-09-22,35.85650935,128.6298640456,2021-03-25,7001220,한국교원대학교
B000009369,궁내중학교,중학교,1994-03-01,공립,본교,운영,경기도 군포시 산본동 1149-5,경기도 군포시 수리산로 171,7530000,경기도교육청,7642000,경기도군포의왕교육지원청,2013-11-29,2020-09-22,37.3638863553,126.9190775804,2021-03-25,7001220,한국교원대학교
B000022573,군포신기초등학교,초등학교,2012-09-01,공립,본교,운영,경기도 군포시 부곡동 1208,경기도 군포시 삼성로28번길 3,7530000,경기도교육청,7642000,경기도군포의왕교육지원청,2013-11-29,2020-09-22,37.3386448692,126.9327811880,2021-03-25,7001220,한국교원대학교
B000025726,아산테크노중학교,중학교,2017-03-01,공립,본교,운영,충청남도 아산시 둔포면 석곡리 1782,충청남도 아산시 둔포면 아산밸리북로 32,8140000,충청남도교육청,8181000,충청남도아산교육지원청,2013-11-29,2020-09-22,36.92648648,127.0518272235,2021-03-25,7001220,한국교원대학교
B000012251,인천만수고등학교,고등학교,2008-03-03,공립,본교,운영,인천광역시 남동구 만수동 605-5,인천광역시 남동구 장승로 91,7310000,인천광역시교육청,7341000,인천광역시동부교육지원청,2013-11-29,2020-09-22,37.44709898,126.7422696651,2021-03-25,7001220,한국교원대학교
B000001867,서울면동초등학교,초등학교,1978-09-01,공립,본교,운영,서울특별시 중랑구 면목동 551,서울특별시 중랑구 면목로57길 32,7010000,서울특별시교육청,7021000,서울특별시동부교육지원청,2013-11-29,2020-09-22,37.5853515241,127.0865921933,2021-03-25,7001220,한국교원대학교
B000007925,병곡초등학교,초등학교,1932-09-30,공립,본교,운영,경상남도 함양군 병곡면 송평리 80,경상남도 함양군 병곡면 휴촌길 21,9010000,경상남도교육청,9201000,경상남도함양교육지원청,2013-11-29,2020-09-22,35.52900882,127.6902503350,2021-03-25,7001220,한국교원대학교
B000025146,별빛중학교,중학교,2016-03-01,공립,본교,운영,경상북도 영천시 고경면 해선리 240-3,경상북도 영천시 고경면 월천길 1-27,8750000,경상북도교육청,8821000,경상북도영천교육지원청,2013-11-29,2020-09-22,36.0023291155,129.0432454631,2021-03-25,7001220,한국교원대학교
B000022832,인천한빛초등학교,초등학교,2012-05-01,공립,본교,운영,인천광역시 남동구 서창동 694,인천광역시 남동구 서창남순환로 190-28,7310000,인천광역시교육청,7341000,인천광역시동부교육지원청,2013-11-29,2020-09-22,37.4241951196,126.7441353197,2021-03-25,7001220,한국교원대학교
B000004101,시흥은행초등학교,초등학교,1995-09-01,공립,본교,운영,경기도 시흥시 은행동 545,경기도 시흥시 대은로104번길 29-10,7530000,경기도교육청,7781000,경기도시흥교육지원청,2013-11-29,2020-09-22,37.4425862756,126.8007226554,2021-03-25,7001220,한국교원대학교
B000006816,청해초등학교,초등학교,1941-07-09,공립,본교,운영,전라남도 완도군 완도읍 장좌리 600,전라남도 완도군 완도읍 청해진로 1374,8490000,전라남도교육청,8701000,전라남도완도교육지원청,2013-11-29,2020-09-22,34.3594161743,126.7278074638,2021-03-25,7001220,한국교원대학교
B000009920,대성중학교,중학교,1951-09-01,사립,본교,운영,충청북도 청주시 흥덕구 신봉동 171-9,충청북도 청주시 흥덕구 사운로 342,8000000,충청북도교육청,8011000,충청북도청주교육지원청,2013-11-29,2020-09-22,36.6580328030,127.4691294463,2021-03-25,7001220,한국교원대학교
B000022777,가재울고등학교,고등학교,2013-03-01,공립,본교,운영,서울특별시 서대문구 북가좌동 476,서울특별시 서대문구 수색로 100-35,7010000,서울특별시교육청,7031000,서울특별시서부교육지원청,2013-11-29,2020-09-22,37.5744458740,126.9094147806,2021-03-25,7001220,한국교원대학교
B000007002,모아초등학교,초등학교,1949-12-01,공립,본교,운영,경상북도 경주시 천북면 모아리 616,경상북도 경주시 천북면 산업로 4974-5,8750000,경상북도교육청,8771000,경상북도경주교육지원청,2013-11-29,2020-09-22,35.9206086016,129.2466224776,2021-03-25,7001220,한국교원대학교
B000005187,양구초등학교,초등학교,1911-04-01,공립,본교,운영,강원도 양구군 양구읍 상리 197-2,강원도 양구군 양구읍 양구새싹로 48,7800000,강원도교육청,7951000,강원도양구교육지원청,2013-11-29,2020-09-22,38.1029082347,127.9914525088,2021-03-25,7001220,한국교원대학교
B000024401,서진초등학교,초등학교,2014-03-03,공립,본교,운영,경상남도 진주시 평거동 800,경상남도 진주시 새평거로 85,9010000,경상남도교육청,9051000,경상남도진주교육지원청,2013-11-29,2020-09-22,35.1690196298,128.0566549549,2021-03-25,7001220,한국교원대학교
B000012187,함지고등학교,고등학교,2008-03-01,공립,본교,운영,대구광역시 북구 구암동 488-3,대구광역시 북구 학정로48길 46,7240000,대구광역시교육청,7261000,대구광역시서부교육지원청,2013-11-29,2020-09-22,35.9278684091,128.5605124825,2021-03-25,7001220,한국교원대학교
B000006285,무주초등학교,초등학교,1909-09-03,공립,본교,운영,전라북도 무주군 무주읍 읍내리 343,전라북도 무주군 무주읍 향한로 43,8320000,전라북도교육청,8411000,전라북도무주교육지원청,2013-11-29,2020-09-22,36.0102783602,127.6603152275,2021-03-25,7001220,한국교원대학교
B000005218,거성초등학교,초등학교,1969-03-08,공립,본교,운영,강원도 고성군 거진읍 거진리 180-1,강원도 고성군 거진읍 거성길 38,7800000,강원도교육청,7971000,강원도고성교육지원청,2013-11-29,2020-09-22,38.4525810779,128.4571605717,2021-03-25,7001220,한국교원대학교
B000011312,고명외식고등학교,고등학교,1956-02-21,사립,본교,운영,서울특별시 성북구 동선동4가 325-1,서울특별시 성북구 북악산로 870,7010000,서울특별시교육청,7121200,서울특별시성북강북교육지원청,2013-11-29,2020-09-22,37.5976746822,127.0191869256,2021-03-25,7001220,한국교원대학교
B000012217,경원고등학교,고등학교,1976-03-01,사립,본교,운영,대구광역시 달서구 용산동 6,대구광역시 달서구 새방로 77,7240000,대구광역시교육청,7271000,대구광역시남부교육지원청,2013-11-29,2020-09-22,35.8654793232,128.5256790424,2021-03-25,7001220,한국교원대학교
B000008723,대진중학교,중학교,2006-03-03,공립,본교,운영,대구광역시 달서구 대곡동 1036-1,대구광역시 달서구 화암로73길 7,7240000,대구광역시교육청,7271000,대구광역시남부교육지원청,2013-11-29,2020-09-22,35.8057257503,128.5195259392,2021-03-25,7001220,한국교원대학교
B000007621,산양초등학교풍화분교장,초등학교,1941-05-02,공립,분교,운영,경상남도 통영시 산양읍 풍화리 829-5,경상남도 통영시 산양읍 풍화일주로 388,9010000,경상남도교육청,9071000,경상남도통영교육지원청,2013-11-29,2020-09-22,34.8267798897,128.3580467157,2021-03-25,7001220,한국교원대학교
B000013402,옥종고등학교,고등학교,1973-03-06,공립,본교,운영,경상남도 하동군 옥종면 양구리 41-1,경상남도 하동군 옥종면 옥수로 4-9,9010000,경상남도교육청,9181000,경상남도하동교육지원청,2013-11-29,2020-09-22,35.1781630658,127.8845971993,2021-03-25,7001220,한국교원대학교
B000012120,동인고등학교,고등학교,1974-03-05,사립,본교,운영,부산광역시 동래구 사직동 981-90,부산광역시 동래구 쇠미로31번길 34,7150000,부산광역시교육청,7191000,부산광역시동래교육지원청,2013-11-29,2020-09-22,35.1985219327,129.0509968556,2021-03-25,7001220,한국교원대학교
B000009774,왕산중학교,중학교,1970-06-09,공립,본교,운영,강원도 강릉시 왕산면 도마리 325-18,강원도 강릉시 왕산면 백두대간로 2005,7800000,강원도교육청,7831000,강원도강릉교육지원청,2013-11-29,2020-09-22,37.6729714734,128.8367696291,2021-03-25,7001220,한국교원대학교
B000002256,서울원촌초등학교,초등학교,1979-09-18,공립,본교,운영,서울특별시 서초구 반포동 21,서울특별시 서초구 사평대로45길 26,7010000,서울특별시교육청,7091300,서울특별시강남서초교육지원청,2013-11-29,2020-09-22,37.5061894793,127.0125656334,2021-03-25,7001220,한국교원대학교
B000002849,대구태암초등학교,초등학교,2000-03-01,공립,본교,운영,대구광역시 북구 태전동 1076-8,대구광역시 북구 칠곡중앙대로52길 56,7240000,대구광역시교육청,7261000,대구광역시서부교육지원청,2013-11-29,2020-09-22,35.9230872797,128.5505021284,2021-03-25,7001220,한국교원대학교
B000010159,청양중학교,중학교,1931-09-01,공립,본교,운영,충청남도 청양군 청양읍 송방리 133-1,충청남도 청양군 청양읍 칠갑산로 179,8140000,충청남도교육청,8251000,충청남도청양교육지원청,2013-11-29,2020-09-22,36.4523246567,126.7955599812,2021-03-25,7001220,한국교원대학교
B000003409,신탄진용정초등학교,초등학교,1979-10-02,공립,본교,운영,대전광역시 대덕구 신탄진동 50,대전광역시 대덕구 대청로 65,7430000,대전광역시교육청,7441000,대전광역시동부교육지원청,2013-11-29,2020-09-22,36.4542227175,127.4360305372,2021-03-25,7001220,한국교원대학교
B000002749,대구서촌초등학교,초등학교,1942-05-04,공립,본교,운영,대구광역시 동구 중대동 1082-1,대구광역시 동구 파계로 525-11,7240000,대구광역시교육청,7251000,대구광역시동부교육지원청,2013-11-29,2020-09-22,35.9804048685,128.6317462104,2021-03-25,7001220,한국교원대학교
B000008691,복현중학교,중학교,1985-03-01,공립,본교,운영,대구광역시 북구 복현동 301-17,대구광역시 북구 동북로65길 28,7240000,대구광역시교육청,7261000,대구광역시서부교육지원청,2013-11-29,2020-09-22,35.8939410220,128.6279505727,2021-03-25,7001220,한국교원대학교
B000003071,인천성리초등학교,초등학교,1999-03-01,공립,본교,운영,인천광역시 남동구 구월동 1487,인천광역시 남동구 성리로 32-2,7310000,인천광역시교육청,7341000,인천광역시동부교육지원청,2013-11-29,2020-09-22,37.4457367952,126.7099273,2021-03-25,7001220,한국교원대학교
B000008238,중앙중학교,중학교,1908-06-20,사립,본교,운영,서울특별시 종로구 계동 1-23,서울특별시 종로구 창덕궁길 164,7010000,서울특별시교육청,7061000,서울특별시중부교육지원청,2013-11-29,2020-09-22,37.5837882231,126.9874726220,2021-03-25,7001220,한국교원대학교
B000010912,금천중학교,중학교,1952-02-10,공립,본교,운영,경상북도 청도군 금천면 동곡리 1035,경상북도 청도군 금천면 선암로 574-11,8750000,경상북도교육청,8911000,경상북도청도교육지원청,2013-11-29,2020-09-22,35.6880759544,128.8947636,2021-03-25,7001220,한국교원대학교
B000008523,성동중학교,중학교,1972-06-03,공립,본교,운영,부산광역시 남구 문현동 791,부산광역시 남구 남동천로 38,7150000,부산광역시교육청,7181000,부산광역시남부교육지원청,2013-11-29,2020-09-22,35.1399333923,129.0662634840,2021-03-25,7001220,한국교원대학교
B000002753,대구불로초등학교,초등학교,1984-04-06,공립,본교,운영,대구광역시 동구 불로동 1017,대구광역시 동구 방천로3길 19,7240000,대구광역시교육청,7251000,대구광역시동부교육지원청,2013-11-29,2020-09-22,35.8974803454,128.6335019624,2021-03-25,7001220,한국교원대학교
B000008237,상명대학교사범대학부속여자중학교,중학교,1966-11-01,사립,본교,운영,서울특별시 종로구 홍지동 7-1,서울특별시 종로구 홍지문2길 20,7010000,서울특별시교육청,7061000,서울특별시중부교육지원청,2013-11-29,2020-09-22,37.6041089058,126.9551594965,2021-03-25,7001220,한국교원대학교
B000002095,상명대학교사범대학부속초등학교,초등학교,1966-05-17,사립,본교,운영,서울특별시 종로구 홍지동 56,서울특별시 종로구 홍지문2길 1,7010000,서울특별시교육청,7061000,서울특별시중부교육지원청,2013-11-29,2020-09-22,37.6004405635,126.9567149182,2021-03-25,7001220,한국교원대학교
B000003331,삼도초등학교,초등학교,1921-10-02,공립,본교,운영,광주광역시 광산구 도덕동 327,광주광역시 광산구 용진로 9,7380000,광주광역시교육청,7401000,광주광역시서부교육지원청,2013-11-29,2020-09-22,35.1643748005,126.7008558619,2021-03-25,7001220,한국교원대학교
B000003495,남외초등학교,초등학교,2006-09-01,공립,본교,운영,울산광역시 중구 남외동 502-2,울산광역시 중구 남외3길 40,7480000,울산광역시교육청,7491000,울산광역시강북교육지원청,2013-11-29,2020-09-22,35.56569625,129.3490810328,2021-03-25,7001220,한국교원대학교
B000011942,동국대학교사범대학부속고등학교,고등학교,1947-06-24,사립,본교,운영,서울특별시 동대문구 장안동 328,서울특별시 동대문구 장안벚꽃로 201,7010000,서울특별시교육청,7021000,서울특별시동부교육지원청,2013-11-29,2020-09-22,37.5780471818,127.0751330189,2021-03-25,7001220,한국교원대학교
B000011816,부일외국어고등학교,고등학교,1995-03-01,사립,본교,운영,부산광역시 사하구 감천동 634-61,부산광역시 사하구 감천로73번길 36,7150000,부산광역시교육청,7171000,부산광역시서부교육지원청,2013-11-29,2020-09-22,35.0907360856,129.0025604446,2021-03-25,7001220,한국교원대학교
B000011104,율하중학교,중학교,2010-03-01,공립,본교,운영,경상남도 김해시 율하동 1293,경상남도 김해시 율하1로 39,9010000,경상남도교육청,9091000,경상남도김해교육지원청,2013-11-29,2020-09-22,35.1750809823,128.8080009585,2021-03-25,7001220,한국교원대학교
B000012153,삼성여자고등학교,고등학교,1975-03-03,사립,본교,운영,부산광역시 사하구 감천동 598-1,부산광역시 사하구 감천로43번길 45,7150000,부산광역시교육청,7171000,부산광역시서부교육지원청,2013-11-29,2020-09-22,35.0942249707,128.9982328419,2021-03-25,7001220,한국교원대학교
B000007846,좌삼초등학교,초등학교,1946-09-20,공립,본교,운영,경상남도 양산시 상북면 좌삼리 493,경상남도 양산시 상북면 수서로 275-16,9010000,경상남도교육청,9151000,경상남도양산교육지원청,2013-11-29,2020-09-22,35.4410257869,129.0434677832,2021-03-25,7001220,한국교원대학교
B000011160,영산중학교,중학교,1951-06-25,공립,본교,운영,경상남도 창녕군 영산면 서리 253,경상남도 창녕군 영산면 영산계성로 87,9010000,경상남도교육청,9141000,경상남도창녕교육지원청,2013-11-29,2020-09-22,35.4601690996,128.5242737448,2021-03-25,7001220,한국교원대학교
B000007805,유어초등학교,초등학교,1926-10-01,공립,본교,운영,경상남도 창녕군 유어면 부곡리 481,경상남도 창녕군 유어면 마수원길 39,9010000,경상남도교육청,9141000,경상남도창녕교육지원청,2013-11-29,2020-09-22,35.5094463657,128.4110123749,2021-03-25,7001220,한국교원대학교
B000002310,서울동작초등학교,초등학교,1983-04-06,공립,본교,운영,서울특별시 동작구 사당동 산9-1,서울특별시 동작구 동작대로29길 214,7010000,서울특별시교육청,7132000,서울특별시동작관악교육지원청,2013-11-29,2020-09-22,37.49410161,126.9765088317,2021-03-25,7001220,한국교원대학교
B000012048,서울문영여자고등학교,고등학교,1991-11-07,사립,본교,운영,서울특별시 관악구 봉천동 1695,서울특별시 관악구 관악로 85,7010000,서울특별시교육청,7132000,서울특별시동작관악교육지원청,2013-11-29,2020-09-22,37.4729045674,126.9509180627,2021-03-25,7001220,한국교원대학교
B000002198,서울갈산초등학교,초등학교,1987-11-26,공립,본교,운영,서울특별시 양천구 신정동 330-10,서울특별시 양천구 목동로 31,7010000,서울특별시교육청,7081300,서울특별시강서양천교육지원청,2013-11-29,2020-09-22,37.5123715649,126.8702298753,2021-03-25,7001220,한국교원대학교
B000002049,서울태랑초등학교,초등학교,2001-06-11,공립,본교,운영,서울특별시 노원구 공릉동 116,서울특별시 노원구 화랑로51나길 31,7010000,서울특별시교육청,7051000,서울특별시북부교육지원청,2013-11-29,2020-09-22,37.6262505606,127.0906030782,2021-03-25,7001220,한국교원대학교
B000002065,서울한천초등학교,초등학교,1984-05-07,공립,본교,운영,서울특별시 노원구 월계동 3-7,서울특별시 노원구 마들로 45,7010000,서울특별시교육청,7051000,서울특별시북부교육지원청,2013-11-29,2020-09-22,37.6207093618,127.0692435267,2021-03-25,7001220,한국교원대학교
B000002467,괴정초등학교,초등학교,1969-10-23,공립,본교,운영,부산광역시 사하구 괴정동 230,부산광역시 사하구 낙동대로 152,7150000,부산광역시교육청,7171000,부산광역시서부교육지원청,2013-11-29,2020-09-22,35.1037639639,128.9997579255,2021-03-25,7001220,한국교원대학교
B000003436,대전관저초등학교,초등학교,1997-10-02,공립,본교,운영,대전광역시 서구 관저동 992,대전광역시 서구 관저동로 161,7430000,대전광역시교육청,7451000,대전광역시서부교육지원청,2013-11-29,2020-09-22,36.3065592417,127.3399114515,2021-03-25,7001220,한국교원대학교
B000007725,무안초등학교,초등학교,1921-04-21,공립,본교,운영,경상남도 밀양시 무안면 무안리 927-1,경상남도 밀양시 무안면 사명로 531,9010000,경상남도교육청,9101000,경상남도밀양교육지원청,2013-11-29,2020-09-22,35.4729283026,128.651293,2021-03-25,7001220,한국교원대학교
B000012181,영신고등학교,고등학교,1946-10-17,사립,본교,운영,대구광역시 동구 봉무동 524,대구광역시 동구 팔공로50길 32,7240000,대구광역시교육청,7251000,대구광역시동부교육지원청,2013-11-29,2020-09-22,35.9200042205,128.6464240151,2021-03-25,7001220,한국교원대학교
B000008068,의귀초등학교,초등학교,1959-02-20,공립,본교,운영,제주특별자치도 서귀포시 남원읍 의귀리 1483-3,제주특별자치도 서귀포시 남원읍 한신로 213,9290000,제주특별자치도교육청,9299000,제주특별자치도서귀포시교육지원청,2013-11-29,2020-09-22,33.3111189463,126.7146280233,2021-03-25,7001220,한국교원대학교
B000022613,거제장평중학교,중학교,2013-03-01,공립,본교,운영,경상남도 거제시 장평동 148,경상남도 거제시 장평4로 40,9010000,경상남도교육청,9111000,경상남도거제교육지원청,2013-11-29,2020-09-22,34.8860856897,128.6064665441,2021-03-25,7001220,한국교원대학교
B000022983,연무여자중학교,중학교,1969-11-18,사립,본교,운영,충청남도 논산시 연무읍 동산리 879,충청남도 논산시 연무읍 동안로887번길 5,8140000,충청남도교육청,8222000,충청남도논산계룡교육지원청,2013-11-29,2020-09-22,36.1353646633,127.1046327792,2021-03-25,7001220,한국교원대학교
B000002721,기장초등학교,초등학교,1911-07-01,공립,본교,운영,부산광역시 기장군 기장읍 동부리 320,부산광역시 기장군 기장읍 읍내로 69,7150000,부산광역시교육청,7211000,부산광역시해운대교육지원청,2013-11-29,2020-09-22,35.2457721711,129.2127656357,2021-03-25,7001220,한국교원대학교
B000012154,성일여자고등학교,고등학교,1988-03-01,사립,본교,운영,부산광역시 사하구 신평동 60-1,부산광역시 사하구 다대로 161,7150000,부산광역시교육청,7171000,부산광역시서부교육지원청,2013-11-29,2020-09-22,35.0894995115,128.9800626422,2021-03-25,7001220,한국교원대학교
B000007661,칠산초등학교,초등학교,1945-05-30,공립,본교,운영,경상남도 김해시 화목동 773-1,경상남도 김해시 칠산로 413번길 16-2,9010000,경상남도교육청,9091000,경상남도김해교육지원청,2013-11-29,2020-09-22,35.2100164919,128.8515414589,2021-03-25,7001220,한국교원대학교
B000007938,북상초등학교,초등학교,1928-07-01,공립,본교,운영,경상남도 거창군 북상면 갈계리 1439-1,경상남도 거창군 북상면 송계로 731-18,9010000,경상남도교육청,9211000,경상남도거창교육지원청,2013-11-29,2020-09-22,35.7800958508,127.8170386283,2021-03-25,7001220,한국교원대학교
B000013479,대영고등학교,고등학교,1987-12-15,공립,본교,운영,서울특별시 영등포구 신길동 336-2,서울특별시 영등포구 도림로86길 16,7010000,서울특별시교육청,7041000,서울특별시남부교육지원청,2013-11-29,2020-09-22,37.5036610907,126.9058657208,2021-03-25,7001220,한국교원대학교
B000002754,대구아양초등학교,초등학교,1958-04-07,공립,본교,운영,대구광역시 동구 신암동 1463,대구광역시 동구 아양로 221,7240000,대구광역시교육청,7251000,대구광역시동부교육지원청,2013-11-29,2020-09-22,35.8874626806,128.6374337595,2021-03-25,7001220,한국교원대학교
B000009024,가수원중학교,중학교,1988-03-05,공립,본교,운영,대전광역시 서구 가수원동 806-18,대전광역시 서구 가수원로 26,7430000,대전광역시교육청,7451000,대전광역시서부교육지원청,2013-11-29,2020-09-22,36.2984721120,127.3545579779,2021-03-25,7001220,한국교원대학교
B000008657,동원중학교,중학교,1985-03-01,공립,본교,운영,대구광역시 수성구 만촌동 254,대구광역시 수성구 효행로2길 81,7240000,대구광역시교육청,7251000,대구광역시동부교육지원청,2013-11-29,2020-09-22,35.8758564238,128.6510708012,2021-03-25,7001220,한국교원대학교
B000002213,서울양동초등학교,초등학교,1972-08-11,공립,본교,운영,서울특별시 양천구 신정동 941,서울특별시 양천구 오목로23길 24,7010000,서울특별시교육청,7081300,서울특별시강서양천교육지원청,2013-11-29,2020-09-22,37.5258482641,126.8512401949,2021-03-25,7001220,한국교원대학교
B000011810,한국과학영재학교,고등학교,1990-09-07,국립,본교,운영,부산광역시 부산진구 당감동 899,부산광역시 부산진구 백양관문로 105-47,7150000,부산광역시교육청,7181000,부산광역시남부교육지원청,2013-11-29,2020-09-22,35.1652001148,129.0257843961,2021-03-25,7001220,한국교원대학교
B000012208,대구남산고등학교,고등학교,1953-01-31,사립,본교,운영,대구광역시 수성구 수성동1가 96-16,대구광역시 수성구 신천동로 364,7240000,대구광역시교육청,7251000,대구광역시동부교육지원청,2013-11-29,2020-09-22,35.8573124709,128.6091788103,2021-03-25,7001220,한국교원대학교
B000026354,고헌중학교,중학교,2020-03-01,공립,본교,운영,울산광역시 북구 화봉동 1485-1,울산광역시 북구 박상진2로 81,7480000,울산광역시교육청,7491000,울산광역시강북교육지원청,2013-11-29,2021-03-23,35.5977791513,129.3640269924,2021-03-25,7001220,한국교원대학교
B000002653,서감초등학교,초등학교,1984-03-30,공립,본교,운영,부산광역시 사상구 감전동 122-1,부산광역시 사상구 괘감로 64,7150000,부산광역시교육청,7201000,부산광역시북부교육지원청,2013-11-29,2020-09-22,35.1578202930,128.9820601929,2021-03-25,7001220,한국교원대학교
B000009788,상장중학교,중학교,1983-12-31,공립,본교,운영,강원도 태백시 황지동 123,강원도 태백시 태백로 1221,7800000,강원도교육청,7851000,강원도태백교육지원청,2013-11-29,2020-09-22,37.1506861110,128.9921216822,2021-03-25,7001220,한국교원대학교
B000005015,맹방초등학교,초등학교,1946-12-12,공립,본교,운영,강원도 삼척시 근덕면 상맹방리 171-2,강원도 삼척시 근덕면 삼척로 3884-4,7800000,강원도교육청,7871000,강원도삼척교육지원청,2013-11-29,2020-09-22,37.3985267608,129.2127768062,2021-03-25,7001220,한국교원대학교
B000009803,미로중학교,중학교,1971-04-21,공립,본교,운영,강원도 삼척시 미로면 하거노리 449,강원도 삼척시 미로면 강원남부로 3907,7800000,강원도교육청,7871000,강원도삼척교육지원청,2013-11-29,2020-09-22,37.4104154106,129.1038914525,2021-03-25,7001220,한국교원대학교
B000002295,서울신구초등학교,초등학교,1981-11-03,공립,본교,운영,서울특별시 강남구 신사동 550-11,서울특별시 강남구 압구정로18길 28,7010000,서울특별시교육청,7091300,서울특별시강남서초교육지원청,2013-11-29,2020-09-22,37.5233605741,127.0239924278,2021-03-25,7001220,한국교원대학교
B000007934,거창초등학교,초등학교,1907-06-01,공립,본교,운영,경상남도 거창군 거창읍 중앙리 311,경상남도 거창군 거창읍 아림로 48,9010000,경상남도교육청,9211000,경상남도거창교육지원청,2013-11-29,2020-09-22,35.6875316029,127.9100891505,2021-03-25,7001220,한국교원대학교
B000008561,동래여자중학교,중학교,1895-10-15,사립,본교,운영,부산광역시 금정구 구서동 72-3,부산광역시 금정구 체육공원로 20,7150000,부산광역시교육청,7191000,부산광역시동래교육지원청,2013-11-29,2020-09-22,35.2470423417,129.0981971986,2021-03-25,7001220,한국교원대학교
B000003295,유안초등학교,초등학교,1991-03-01,공립,본교,운영,광주광역시 남구 봉선동 124,광주광역시 남구 봉선로175번길 16,7380000,광주광역시교육청,7401000,광주광역시서부교육지원청,2013-11-29,2020-09-22,35.1254853980,126.9146862351,2021-03-25,7001220,한국교원대학교
B000001877,서울봉화초등학교,초등학교,1996-09-19,공립,본교,운영,서울특별시 중랑구 신내동 655,서울특별시 중랑구 신내로15길 110,7010000,서울특별시교육청,7021000,서울특별시동부교육지원청,2013-11-29,2020-09-22,37.6135762310,127.0924084884,2021-03-25,7001220,한국교원대학교
B000002770,영신초등학교,초등학교,1965-03-10,사립,본교,운영,대구광역시 동구 봉무동 524,대구광역시 동구 팔공로50길 32,7240000,대구광역시교육청,7251000,대구광역시동부교육지원청,2013-11-29,2020-09-22,35.9200042205,128.6464240151,2021-03-25,7001220,한국교원대학교
B000005687,서령초등학교,초등학교,1948-09-01,공립,본교,운영,충청남도 서산시 죽성동 77-2,충청남도 서산시 남부순환로 749,8140000,충청남도교육청,8191000,충청남도서산교육지원청,2013-11-29,2020-09-22,36.7442166461,126.4470036282,2021-03-25,7001220,한국교원대학교
B000008630,동아중학교,중학교,1946-03-10,사립,본교,운영,부산광역시 수영구 광안동 1222-23,부산광역시 수영구 호암로 55,7150000,부산광역시교육청,7211000,부산광역시해운대교육지원청,2013-11-29,2020-09-22,35.1567809228,129.1069839794,2021-03-25,7001220,한국교원대학교
B000011355,단국대학교부속소프트웨어고등학교,고등학교,1941-11-03,사립,본교,운영,서울특별시 강남구 대치동 1013-3,서울특별시 강남구 도곡로64길 21,7010000,서울특별시교육청,7091300,서울특별시강남서초교육지원청,2013-11-29,2020-09-22,37.49562483,127.0577682282,2021-03-25,7001220,한국교원대학교
B000008405,남서울중학교,중학교,1964-11-12,공립,본교,운영,서울특별시 관악구 신림동 1690-3,서울특별시 관악구 남부순환로172길 97,7010000,서울특별시교육청,7132000,서울특별시동작관악교육지원청,2013-11-29,2020-09-22,37.4821362472,126.9210371353,2021-03-25,7001220,한국교원대학교
B000008365,봉은중학교,중학교,1986-03-01,공립,본교,운영,서울특별시 강남구 삼성동 82-7,서울특별시 강남구 영동대로128길 59,7010000,서울특별시교육청,7091300,서울특별시강남서초교육지원청,2013-11-29,2020-09-22,37.5189766694,127.0623893519,2021-03-25,7001220,한국교원대학교
B000003396,대전대화초등학교,초등학교,1982-10-18,공립,본교,운영,대전광역시 대덕구 대화동 244-5,대전광역시 대덕구 대화로 242-36,7430000,대전광역시교육청,7441000,대전광역시동부교육지원청,2013-11-29,2020-09-22,36.3626922107,127.4113441329,2021-03-25,7001220,한국교원대학교
B000023141,도담고등학교,고등학교,2013-03-01,공립,본교,운영,세종특별자치시 도담동 642,세종특별자치시 보듬4로 41,9300000,세종특별자치시교육청,9300000,세종특별자치시교육청,2013-11-29,2020-09-22,36.5142071562,127.2634445597,2021-03-25,7001220,한국교원대학교
B000003430,가수원초등학교,초등학교,1946-10-26,공립,본교,운영,대전광역시 서구 가수원동 732-3,대전광역시 서구 벌곡로 1359,7430000,대전광역시교육청,7451000,대전광역시서부교육지원청,2013-11-29,2020-09-22,36.3023937090,127.3530021136,2021-03-25,7001220,한국교원대학교
B000001876,서울중화초등학교,초등학교,1946-11-07,공립,본교,운영,서울특별시 중랑구 신내동 531,서울특별시 중랑구 신내로7가길 22,7010000,서울특별시교육청,7021000,서울특별시동부교육지원청,2013-11-29,2020-09-22,37.6029216253,127.0940649949,2021-03-25,7001220,한국교원대학교
B000008924,금호중앙중학교,중학교,1959-12-26,사립,본교,운영,광주광역시 북구 운암동 140,광주광역시 북구 금호로 100,7380000,광주광역시교육청,7391000,광주광역시동부교육지원청,2013-11-29,2020-09-22,35.1785968979,126.8855125789,2021-03-25,7001220,한국교원대학교
B000011103,월산중학교,중학교,2001-03-01,공립,본교,운영,경상남도 김해시 부곡동 806-10,경상남도 김해시 월산로 104,9010000,경상남도교육청,9091000,경상남도김해교육지원청,2013-11-29,2020-09-22,35.2052618291,128.8039416829,2021-03-25,7001220,한국교원대학교
B000003476,대전하기초등학교,초등학교,2005-03-01,공립,본교,운영,대전광역시 유성구 하기동 514,대전광역시 유성구 송림로19번길 32,7430000,대전광역시교육청,7451000,대전광역시서부교육지원청,2013-11-29,2020-09-22,36.3886314463,127.321529,2021-03-25,7001220,한국교원대학교
B000002058,서울상월초등학교,초등학교,1990-05-29,공립,본교,운영,서울특별시 노원구 상계동 697,서울특별시 노원구 동일로221길 27,7010000,서울특별시교육청,7051000,서울특별시북부교육지원청,2013-11-29,2020-09-22,37.6586522394,127.0569799721,2021-03-25,7001220,한국교원대학교
B000008184,선유중학교,중학교,1985-03-05,공립,본교,운영,서울특별시 영등포구 양평동3가 82,서울특별시 영등포구 선유로 213,7010000,서울특별시교육청,7041000,서울특별시남부교육지원청,2013-11-29,2020-09-22,37.5332864654,126.8943293,2021-03-25,7001220,한국교원대학교
B000001868,서울중목초등학교,초등학교,1997-11-04,공립,본교,운영,서울특별시 중랑구 면목동 180-5,서울특별시 중랑구 동일로 665,7010000,서울특별시교육청,7021000,서울특별시동부교육지원청,2013-11-29,2020-09-22,37.5900873502,127.0793361,2021-03-25,7001220,한국교원대학교
B000012028,독산고등학교,고등학교,2002-03-02,공립,본교,운영,서울특별시 금천구 독산동 907-34,서울특별시 금천구 문성로 64,7010000,서울특별시교육청,7041000,서울특별시남부교육지원청,2013-11-29,2020-09-22,37.4762187185,126.9109732,2021-03-25,7001220,한국교원대학교
B000005742,연봉초등학교,초등학교,1946-09-01,공립,본교,운영,세종특별자치시 연서면 봉암리 210-2,세종특별자치시 연서면 당산로 357-1,9300000,세종특별자치시교육청,9300000,세종특별자치시교육청,2013-11-29,2020-09-22,36.5644527420,127.2820714359,2021-03-25,7001220,한국교원대학교
B000005745,연남초등학교,초등학교,1908-04-01,공립,본교,운영,세종특별자치시 연기면 연기리 397,세종특별자치시 연기면 연기길 2,9300000,세종특별자치시교육청,9300000,세종특별자치시교육청,2013-11-29,2020-09-22,36.5438808251,127.2778469542,2021-03-25,7001220,한국교원대학교
B000005744,수왕초등학교,초등학교,1970-04-07,공립,본교,운영,세종특별자치시 연기면 눌왕리 324,세종특별자치시 연기면 눌왕길 8-45,9300000,세종특별자치시교육청,9300000,세종특별자치시교육청,2013-11-29,2020-09-22,36.5434735853,127.2522374,2021-03-25,7001220,한국교원대학교
B000010586,산이중학교,중학교,1967-03-17,공립,본교,운영,전라남도 해남군 산이면 초송리 527-5,전라남도 해남군 산이면 비석길 98-2,8490000,전라남도교육청,8641000,전라남도해남교육지원청,2013-11-29,2020-09-22,34.6457943987,126.4478198051,2021-03-25,7001220,한국교원대학교
B000009470,광남중학교,중학교,1982-03-05,공립,본교,운영,경기도 광명시 광명동 384-6,경기도 광명시 광명로 785,7530000,경기도교육청,7591000,경기도광명교육지원청,2013-11-29,2020-09-22,37.4700747467,126.8475588292,2021-03-25,7001220,한국교원대학교
B000013346,김해임호고등학교,고등학교,2012-03-01,공립,본교,운영,경상남도 김해시 외동 715-2,경상남도 김해시 분성로3번길 77,9010000,경상남도교육청,9091000,경상남도김해교육지원청,2013-11-29,2020-09-22,35.2382686393,128.8527201084,2021-03-25,7001220,한국교원대학교
B000008256,방산중학교,중학교,1991-03-01,공립,본교,운영,서울특별시 송파구 방이동 220,서울특별시 송파구 오금로29길 31,7010000,서울특별시교육청,7130000,서울특별시강동송파교육지원청,2013-11-29,2020-09-22,37.5093728736,127.1218756115,2021-03-25,7001220,한국교원대학교
B000011200,하동중앙중학교,중학교,1961-05-01,공립,본교,운영,경상남도 하동군 하동읍 읍내리 667,경상남도 하동군 하동읍 연화길 77,9010000,경상남도교육청,9181000,경상남도하동교육지원청,2013-11-29,2020-09-22,35.0766444636,127.7495276199,2021-03-25,7001220,한국교원대학교
B000003402,신탄진초등학교,초등학교,1908-04-05,공립,본교,운영,대전광역시 대덕구 석봉동 308-7,대전광역시 대덕구 석봉로3번길 50,7430000,대전광역시교육청,7441000,대전광역시동부교육지원청,2013-11-29,2020-09-22,36.44892028,127.4225034855,2021-03-25,7001220,한국교원대학교
B000002008,서울영림초등학교,초등학교,1982-10-04,공립,본교,운영,서울특별시 영등포구 대림동 993-16,서울특별시 영등포구 시흥대로173길 14,7010000,서울특별시교육청,7041000,서울특별시남부교육지원청,2013-11-29,2020-09-22,37.4873460122,126.9025393,2021-03-25,7001220,한국교원대학교
B000002469,서천초등학교,초등학교,1985-03-01,공립,본교,운영,부산광역시 사하구 감천동 506-1,부산광역시 사하구 감천로105번길 10,7150000,부산광역시교육청,7171000,부산광역시서부교육지원청,2013-11-29,2020-09-22,35.0887415607,129.0038498,2021-03-25,7001220,한국교원대학교
B000002848,대구관천초등학교,초등학교,1993-09-01,공립,본교,운영,대구광역시 북구 태전동 999-2,대구광역시 북구 구암로22길 17,7240000,대구광역시교육청,7261000,대구광역시서부교육지원청,2013-11-29,2020-09-22,35.93053458,128.5520401332,2021-03-25,7001220,한국교원대학교
B000003352,산내초등학교,초등학교,1920-06-20,공립,본교,운영,대전광역시 동구 낭월동 632,대전광역시 동구 산내로 1292,7430000,대전광역시교육청,7441000,대전광역시동부교육지원청,2013-11-29,2020-09-22,36.2797981938,127.4700660291,2021-03-25,7001220,한국교원대학교
B000002125,서울평화초등학교,초등학교,1992-10-21,공립,본교,운영,서울특별시 송파구 가락동 106,서울특별시 송파구 송파대로26길 22,7010000,서울특별시교육청,7130000,서울특별시강동송파교육지원청,2013-11-29,2020-09-22,37.4915671217,127.1228236584,2021-03-25,7001220,한국교원대학교
B000003362,대전성남초등학교,초등학교,1952-04-15,공립,본교,운영,대전광역시 동구 성남동 193-5,대전광역시 동구 성남로32번길 5,7430000,대전광역시교육청,7441000,대전광역시동부교육지원청,2013-11-29,2020-09-22,36.3439443285,127.4293686794,2021-03-25,7001220,한국교원대학교
B000012076,방산고등학교,고등학교,2003-10-01,공립,본교,운영,서울특별시 송파구 방이동 220-5,서울특별시 송파구 오금로27길 18,7010000,서울특별시교육청,7130000,서울특별시강동송파교육지원청,2013-11-29,2020-09-22,37.50831315,127.1204696386,2021-03-25,7001220,한국교원대학교
B000008269,세륜중학교,중학교,1992-03-01,공립,본교,운영,서울특별시 송파구 오금동 7-3,서울특별시 송파구 양재대로72길 41,7010000,서울특별시교육청,7130000,서울특별시강동송파교육지원청,2013-11-29,2020-09-22,37.5089331446,127.1312463870,2021-03-25,7001220,한국교원대학교
B000003292,진남초등학교,초등학교,2007-11-26,공립,본교,운영,광주광역시 남구 노대동 732,광주광역시 남구 효우로60번길 12,7380000,광주광역시교육청,7401000,광주광역시서부교육지원청,2013-11-29,2020-09-22,35.1091272168,126.9024720854,2021-03-25,7001220,한국교원대학교
B000011099,관동중학교,중학교,2004-03-01,공립,본교,운영,경상남도 김해시 관동동 422-1,경상남도 김해시 덕정로 77,9010000,경상남도교육청,9091000,경상남도김해교육지원청,2013-11-29,2020-09-22,35.1797652099,128.7926332673,2021-03-25,7001220,한국교원대학교
B000013258,영양여자고등학교,고등학교,1973-03-04,사립,본교,운영,경상북도 영양군 영양읍 동부리 5,경상북도 영양군 영양읍 영양창수로 141,8750000,경상북도교육청,8891000,경상북도영양교육지원청,2013-11-29,2020-09-22,36.6618880785,129.1297625927,2021-03-25,7001220,한국교원대학교
B000008281,정신여자중학교,중학교,1887-10-20,사립,본교,운영,서울특별시 송파구 잠실동 50-4,서울특별시 송파구 올림픽로4길 16,7010000,서울특별시교육청,7130000,서울특별시강동송파교육지원청,2013-11-29,2020-09-22,37.5094538398,127.0738473291,2021-03-25,7001220,한국교원대학교
B000008521,덕명여자중학교,중학교,1953-07-14,사립,본교,운영,부산광역시 부산진구 전포동 487,부산광역시 부산진구 봉수로 13,7150000,부산광역시교육청,7181000,부산광역시남부교육지원청,2013-11-29,2020-09-22,35.1510804365,129.0704518695,2021-03-25,7001220,한국교원대학교
B000013532,대전여자고등학교,고등학교,1937-05-01,공립,본교,운영,대전광역시 동구 대동 16-2,대전광역시 동구 용운로1번길 28-37,7430000,대전광역시교육청,7441000,대전광역시동부교육지원청,2013-11-29,2020-09-22,36.3300126828,127.4463706929,2021-03-25,7001220,한국교원대학교
B000002823,대구조야초등학교,초등학교,1984-09-28,공립,본교,운영,대구광역시 북구 조야동 102-1,대구광역시 북구 조야로8길 16,7240000,대구광역시교육청,7261000,대구광역시서부교육지원청,2013-11-29,2020-09-22,35.9097191768,128.5770479509,2021-03-25,7001220,한국교원대학교
B000008551,남산중학교,중학교,1991-01-04,공립,본교,운영,부산광역시 금정구 남산동 31-11,부산광역시 금정구 금단로 114,7150000,부산광역시교육청,7191000,부산광역시동래교육지원청,2013-11-29,2020-09-22,35.2598170184,129.0936509,2021-03-25,7001220,한국교원대학교
B000002580,남산초등학교,초등학교,1987-03-01,공립,본교,운영,부산광역시 금정구 남산동 59-2,부산광역시 금정구 금강로 614,7150000,부산광역시교육청,7191000,부산광역시동래교육지원청,2013-11-29,2020-09-22,35.2621406520,129.0891842339,2021-03-25,7001220,한국교원대학교
B000013375,양산제일고등학교,고등학교,1994-03-01,사립,본교,운영,경상남도 양산시 교동 273,경상남도 양산시 회현1길 36,9010000,경상남도교육청,9151000,경상남도양산교육지원청,2013-11-29,2020-09-22,35.3445999186,129.0237990314,2021-03-25,7001220,한국교원대학교
B000025289,서울송례초등학교,초등학교,2014-03-03,공립,본교,운영,서울특별시 송파구 장지동 898,서울특별시 송파구 위례순환로 439,7010000,서울특별시교육청,7130000,서울특별시강동송파교육지원청,2013-11-29,2020-09-22,37.4778912971,127.1384402262,2021-03-25,7001220,한국교원대학교
B000025291,송례중학교,중학교,2014-03-04,공립,본교,운영,서울특별시 송파구 장지동 393,서울특별시 송파구 위례순환로 429,7010000,서울특별시교육청,7130000,서울특별시강동송파교육지원청,2013-11-29,2020-09-22,37.4778330100,127.1397415,2021-03-25,7001220,한국교원대학교
B000008697,관천중학교,중학교,1994-03-01,공립,본교,운영,대구광역시 북구 태전동 999-1,대구광역시 북구 구암로22길 7,7240000,대구광역시교육청,7261000,대구광역시서부교육지원청,2013-11-29,2020-09-22,35.9311638603,128.5526132609,2021-03-25,7001220,한국교원대학교
B000010205,송산중학교,중학교,1981-03-06,공립,본교,운영,충청남도 당진시 송산면 도문리 169-1,충청남도 당진시 송산면 도문로 48,8140000,충청남도교육청,8291000,충청남도당진교육지원청,2013-11-29,2020-09-22,36.9348110034,126.6859161118,2021-03-25,7001220,한국교원대학교
B000009391,시화중학교,중학교,2006-03-01,공립,본교,운영,경기도 시흥시 정왕동 1552,경기도 시흥시 큰솔로52번길 23,7530000,경기도교육청,7781000,경기도시흥교육지원청,2013-11-29,2020-09-22,37.3409855472,126.7561913467,2021-03-25,7001220,한국교원대학교
B000013367,거제고등학교,고등학교,1948-10-16,사립,본교,운영,경상남도 거제시 아주동 295-8,경상남도 거제시 아주로3길 61,9010000,경상남도교육청,9111000,경상남도거제교육지원청,2013-11-29,2020-09-22,34.8610875931,128.6884261013,2021-03-25,7001220,한국교원대학교
B000011913,거제공업고등학교,고등학교,1969-03-02,공립,본교,운영,경상남도 거제시 고현동 920-2,경상남도 거제시 계룡로11길 63,9010000,경상남도교육청,9111000,경상남도거제교육지원청,2013-11-29,2020-09-22,34.8821051148,128.6141940324,2021-03-25,7001220,한국교원대학교
B000011393,부산산업과학고등학교,고등학교,1970-03-26,공립,본교,운영,부산광역시 강서구 봉림동 15,부산광역시 강서구 가락대로 1393,7150000,부산광역시교육청,7201000,부산광역시북부교육지원청,2013-11-29,2020-09-22,35.1892609856,128.9039687476,2021-03-25,7001220,한국교원대학교
B000004276,광명광성초등학교,초등학교,1987-11-16,공립,본교,운영,경기도 광명시 철산동 243,경기도 광명시 철산로 59,7530000,경기도교육청,7591000,경기도광명교육지원청,2013-11-29,2020-09-22,37.4788502830,126.8730710054,2021-03-25,7001220,한국교원대학교
B000004270,광명남초등학교,초등학교,1975-03-05,공립,본교,운영,경기도 광명시 광명동 295-58,경기도 광명시 광명로 866-9,7530000,경기도교육청,7591000,경기도광명교육지원청,2013-11-29,2020-09-22,37.4751270849,126.8537024423,2021-03-25,7001220,한국교원대학교
B000004274,광명동초등학교,초등학교,1983-05-18,공립,본교,운영,경기도 광명시 철산동 78-4,경기도 광명시 연서일로 25,7530000,경기도교육청,7591000,경기도광명교육지원청,2013-11-29,2020-09-22,37.4839518149,126.8633963058,2021-03-25,7001220,한국교원대학교
B000002460,청학초등학교,초등학교,1954-06-20,공립,본교,운영,부산광역시 영도구 청학동 412-3,부산광역시 영도구 청학로 49,7150000,부산광역시교육청,7171000,부산광역시서부교육지원청,2013-11-29,2020-09-22,35.0932017628,129.0595039219,2021-03-25,7001220,한국교원대학교
B000012386,중일고등학교,고등학교,1988-03-15,사립,본교,운영,대전광역시 유성구 관평동 671,대전광역시 유성구 배울2로 68,7430000,대전광역시교육청,7451000,대전광역시서부교육지원청,2013-11-29,2020-09-22,36.4205249147,127.3886964843,2021-03-25,7001220,한국교원대학교
B000008650,영신중학교,중학교,1946-10-17,사립,본교,운영,대구광역시 동구 봉무동 524,대구광역시 동구 팔공로50길 32,7240000,대구광역시교육청,7251000,대구광역시동부교육지원청,2013-11-29,2020-09-22,35.9200042205,128.6464240151,2021-03-25,7001220,한국교원대학교
B000011387,부일전자디자인고등학교,고등학교,1993-03-02,사립,본교,운영,부산광역시 사하구 감천동 634-61,부산광역시 사하구 감천로73번길 36,7150000,부산광역시교육청,7171000,부산광역시서부교육지원청,2013-11-29,2020-09-22,35.0907360856,129.0025604446,2021-03-25,7001220,한국교원대학교
B000011335,서울영상고등학교,고등학교,1952-03-01,사립,본교,운영,서울특별시 양천구 신정동 984,서울특별시 양천구 목동로11길 46,7010000,서울특별시교육청,7081300,서울특별시강서양천교육지원청,2013-11-29,2020-09-22,37.5233044400,126.8602935246,2021-03-25,7001220,한국교원대학교
B000003459,대전교촌초등학교,초등학교,2007-03-01,공립,본교,운영,대전광역시 유성구 교촌동 618,대전광역시 유성구 진잠로149번길 42,7430000,대전광역시교육청,7451000,대전광역시서부교육지원청,2013-11-29,2020-09-22,36.3060218867,127.3167705390,2021-03-25,7001220,한국교원대학교
B000011079,김해중학교,중학교,1952-05-17,공립,본교,운영,경상남도 김해시 부원동 39,경상남도 김해시 호계로 456,9010000,경상남도교육청,9091000,경상남도김해교육지원청,2013-11-29,2020-09-22,35.2311053112,128.8861356249,2021-03-25,7001220,한국교원대학교
B000008672,신명여자중학교,중학교,1907-10-15,사립,본교,운영,대구광역시 수성구 수성동1가 96-16,대구광역시 수성구 신천동로 364,7240000,대구광역시교육청,7251000,대구광역시동부교육지원청,2013-11-29,2020-09-22,35.8573124709,128.6091788103,2021-03-25,7001220,한국교원대학교
B000002738,대구명덕초등학교,초등학교,1940-04-05,공립,본교,운영,대구광역시 중구 남산동 2113,대구광역시 중구 남산로2길 125,7240000,대구광역시교육청,7251000,대구광역시동부교육지원청,2013-11-29,2020-09-22,35.8575407313,128.5890267232,2021-03-25,7001220,한국교원대학교
B000012612,광명고등학교,고등학교,1975-03-03,공립,본교,운영,경기도 광명시 철산동 234,경기도 광명시 오리로876번길 17,7530000,경기도교육청,7591000,경기도광명교육지원청,2013-11-29,2020-09-22,37.4785711698,126.8659895718,2021-03-25,7001220,한국교원대학교
B000008908,신광중학교,중학교,1981-03-06,공립,본교,운영,광주광역시 북구 두암동 576-5,광주광역시 북구 면앙로165번길 80,7380000,광주광역시교육청,7391000,광주광역시동부교육지원청,2013-11-29,2020-09-22,35.1795333405,126.9321201796,2021-03-25,7001220,한국교원대학교
B000012835,양구여자고등학교,고등학교,1974-01-05,공립,본교,운영,강원도 양구군 양구읍 정림리 230-1,강원도 양구군 양구읍 박수근로 327,7800000,강원도교육청,7951000,강원도양구교육지원청,2013-11-29,2020-09-22,38.1009113952,127.9808197101,2021-03-25,7001220,한국교원대학교
B000009871,석천중학교,중학교,1970-03-10,공립,본교,운영,강원도 양구군 양구읍 정림리 230-1,강원도 양구군 양구읍 박수근로 327,7800000,강원도교육청,7951000,강원도양구교육지원청,2013-11-29,2020-09-22,38.1009113952,127.9808197101,2021-03-25,7001220,한국교원대학교
B000008631,기장중학교,중학교,1954-05-31,공립,본교,운영,부산광역시 기장군 기장읍 대라리 40,부산광역시 기장군 기장읍 읍내로 120,7150000,부산광역시교육청,7211000,부산광역시해운대교육지원청,2013-11-29,2020-09-22,35.2448818739,129.2183149163,2021-03-25,7001220,한국교원대학교
B000009916,운호중학교,중학교,1968-03-06,사립,본교,운영,충청북도 청주시 서원구 모충동 132-13,충청북도 청주시 서원구 무심서로 375,8000000,충청북도교육청,8011000,충청북도청주교육지원청,2013-11-29,2020-09-22,36.6250531729,127.4851868214,2021-03-25,7001220,한국교원대학교
B000013541,문현고등학교,고등학교,2006-03-01,공립,본교,운영,울산광역시 동구 방어동 1008,울산광역시 동구 화잠7길 25,7480000,울산광역시교육청,7491000,울산광역시강북교육지원청,2013-11-29,2020-09-22,35.4823956491,129.4091804390,2021-03-25,7001220,한국교원대학교
B000010194,만리포중학교,중학교,1968-03-22,공립,본교,운영,충청남도 태안군 소원면 신덕리 631-2,충청남도 태안군 소원면 소근로 63-12,8140000,충청남도교육청,8281000,충청남도태안교육지원청,2013-11-29,2020-09-22,36.76552125,126.1939311480,2021-03-25,7001220,한국교원대학교
B000022914,춘천여자고등학교,고등학교,1934-04-10,공립,본교,운영,강원도 춘천시 동면 장학리 173,강원도 춘천시 동면 만천양지길 95,7800000,강원도교육청,7811000,강원도춘천교육지원청,2013-11-29,2020-09-22,37.8884898904,127.7635403167,2021-03-25,7001220,한국교원대학교
B000008651,공산중학교,중학교,1954-04-23,사립,본교,운영,대구광역시 동구 백안동 560-5,대구광역시 동구 팔공로197길 26,7240000,대구광역시교육청,7251000,대구광역시동부교육지원청,2013-11-29,2020-09-22,35.9550658566,128.6906837897,2021-03-25,7001220,한국교원대학교
B000011923,상명대학교사범대학부속여자고등학교,고등학교,1967-03-07,사립,본교,운영,서울특별시 종로구 홍지동 7-1,서울특별시 종로구 홍지문2길 20,7010000,서울특별시교육청,7061000,서울특별시중부교육지원청,2013-11-29,2020-09-22,37.6041089058,126.9551594965,2021-03-25,7001220,한국교원대학교
B000012788,황지고등학교,고등학교,1965-12-18,공립,본교,운영,강원도 태백시 황지동 232,강원도 태백시 번영로 179,7800000,강원도교육청,7851000,강원도태백교육지원청,2013-11-29,2020-09-22,37.1611203739,128.9855687725,2021-03-25,7001220,한국교원대학교
B000002202,서울양원초등학교,초등학교,1991-05-06,공립,본교,운영,서울특별시 양천구 신월동 260-1,서울특별시 양천구 화곡로 16,7010000,서울특별시교육청,7081300,서울특별시강서양천교육지원청,2013-11-29,2020-09-22,37.5382173279,126.8231052242,2021-03-25,7001220,한국교원대학교
B000002433,보수초등학교,초등학교,1953-07-09,공립,본교,운영,부산광역시 중구 보수동1가 50-1,부산광역시 중구 흑교로 74,7150000,부산광역시교육청,7171000,부산광역시서부교육지원청,2013-11-29,2020-09-22,35.1060721539,129.024219,2021-03-25,7001220,한국교원대학교
B000009849,계촌중학교,중학교,1969-03-12,공립,본교,운영,강원도 평창군 방림면 계촌리 2054-2,강원도 평창군 방림면 계촌길 139,7800000,강원도교육청,7911000,강원도평창교육지원청,2013-11-29,2020-09-22,37.4532286745,128.3083929,2021-03-25,7001220,한국교원대학교
B000009113,울산중앙중학교,중학교,1980-03-02,공립,본교,운영,울산광역시 남구 신정동 859-3,울산광역시 남구 중앙로63번길 5,7480000,울산광역시교육청,7501000,울산광역시강남교육지원청,2013-11-29,2020-09-22,35.5260242954,129.3156804769,2021-03-25,7001220,한국교원대학교
B000025338,수완하나중학교,중학교,2015-03-01,공립,본교,운영,광주광역시 광산구 수완동 973,광주광역시 광산구 수완로105번길 47,7380000,광주광역시교육청,7401000,광주광역시서부교육지원청,2013-11-29,2020-09-22,35.1942080768,126.8275241622,2021-03-25,7001220,한국교원대학교
B000011088,경운중학교,중학교,2001-03-01,공립,본교,운영,경상남도 김해시 내동 1115-3,경상남도 김해시 우암로 62,9010000,경상남도교육청,9091000,경상남도김해교육지원청,2013-11-29,2020-09-22,35.2361259374,128.8618342445,2021-03-25,7001220,한국교원대학교
B000012401,무거고등학교,고등학교,2006-03-04,공립,본교,운영,울산광역시 남구 무거동 1000,울산광역시 남구 대학로1번길 17-28,7480000,울산광역시교육청,7501000,울산광역시강남교육지원청,2013-11-29,2020-09-22,35.5362789261,129.2507422513,2021-03-25,7001220,한국교원대학교
B000002594,거제초등학교,초등학교,1946-06-01,공립,본교,운영,부산광역시 연제구 거제동 676-152,부산광역시 연제구 해맞이로 39,7150000,부산광역시교육청,7191000,부산광역시동래교육지원청,2013-11-29,2020-09-22,35.1780739559,129.0675717007,2021-03-25,7001220,한국교원대학교
B000008733,성서중학교,중학교,1970-03-30,공립,본교,운영,대구광역시 달서구 용산동 948,대구광역시 달서구 용산서로 63,7240000,대구광역시교육청,7271000,대구광역시남부교육지원청,2013-11-29,2020-09-22,35.8558080954,128.5266048454,2021-03-25,7001220,한국교원대학교
B000001873,서울상봉초등학교,초등학교,1983-10-25,공립,본교,운영,서울특별시 중랑구 상봉동 312-1,서울특별시 중랑구 동일로126가길 11,7010000,서울특별시교육청,7021000,서울특별시동부교육지원청,2013-11-29,2020-09-22,37.5979789522,127.0831714191,2021-03-25,7001220,한국교원대학교
B000002069,서울원광초등학교,초등학교,1992-04-30,공립,본교,운영,서울특별시 노원구 중계동 359,서울특별시 노원구 덕릉로76길 18,7010000,서울특별시교육청,7051000,서울특별시북부교육지원청,2013-11-29,2020-09-22,37.6543109224,127.0749142468,2021-03-25,7001220,한국교원대학교
B000008486,다송중학교,중학교,1993-03-05,공립,본교,운영,부산광역시 사하구 다대동 95,부산광역시 사하구 다송로 55,7150000,부산광역시교육청,7171000,부산광역시서부교육지원청,2013-11-29,2020-09-22,35.0643498862,128.9847861841,2021-03-25,7001220,한국교원대학교
B000002068,서울월계초등학교,초등학교,1993-05-06,공립,본교,운영,서울특별시 노원구 월계동 561,서울특별시 노원구 월계로45가길 10,7010000,서울특별시교육청,7051000,서울특별시북부교육지원청,2013-11-29,2020-09-22,37.62762424,127.0501876323,2021-03-25,7001220,한국교원대학교
B000013477,우신고등학교,고등학교,1974-03-05,사립,본교,운영,서울특별시 구로구 궁동 230,서울특별시 구로구 부일로 917,7010000,서울특별시교육청,7041000,서울특별시남부교육지원청,2013-11-29,2020-09-22,37.4949023087,126.8263535997,2021-03-25,7001220,한국교원대학교
B000012812,주천고등학교,고등학교,1946-04-01,공립,본교,운영,강원도 영월군 주천면 주천리 1430,강원도 영월군 주천면 주천로89번길 41,7800000,강원도교육청,7901000,강원도영월교육지원청,2013-11-29,2020-09-22,37.2735517942,128.2650793743,2021-03-25,7001220,한국교원대학교
B000003451,대전신계초등학교,초등학교,2005-09-01,공립,본교,운영,대전광역시 서구 복수동 452,대전광역시 서구 복수동로 26,7430000,대전광역시교육청,7451000,대전광역시서부교육지원청,2013-11-29,2020-09-22,36.30195202,127.3780278,2021-03-25,7001220,한국교원대학교
B000022940,강경상업고등학교,고등학교,1920-05-25,공립,본교,운영,충청남도 논산시 강경읍 남교리 1,충청남도 논산시 강경읍 계백로 220,8140000,충청남도교육청,8222000,충청남도논산계룡교육지원청,2013-11-29,2020-09-22,36.1614244493,127.0232979527,2021-03-25,7001220,한국교원대학교
B000005014,근덕초등학교,초등학교,1922-05-17,공립,본교,운영,강원도 삼척시 근덕면 교가리 1124-2,강원도 삼척시 근덕면 삼척로 3653,7800000,강원도교육청,7871000,강원도삼척교육지원청,2013-11-29,2020-09-22,37.3809242797,129.2244956412,2021-03-25,7001220,한국교원대학교
B000003181,송해초등학교,초등학교,1933-10-06,공립,본교,운영,인천광역시 강화군 송해면 솔정리 640,인천광역시 강화군 송해면 전망대로 93-12,7310000,인천광역시교육청,7351000,인천광역시강화교육지원청,2013-11-29,2020-09-22,37.7694550994,126.4610541008,2021-03-25,7001220,한국교원대학교
B000003174,양도초등학교,초등학교,1918-04-01,공립,본교,운영,인천광역시 강화군 양도면 삼흥리 288,인천광역시 강화군 양도면 강화남로 1036,7310000,인천광역시교육청,7351000,인천광역시강화교육지원청,2013-11-29,2020-09-22,37.68897162,126.4193695437,2021-03-25,7001220,한국교원대학교
B000008385,남성중학교,중학교,1983-04-29,공립,본교,운영,서울특별시 동작구 사당동 304-45,서울특별시 동작구 남부순환로269길 166,7010000,서울특별시교육청,7132000,서울특별시동작관악교육지원청,2013-11-29,2020-09-22,37.4790082237,126.972489,2021-03-25,7001220,한국교원대학교
B000004087,서해초등학교,초등학교,1996-11-01,공립,본교,운영,경기도 시흥시 정왕동 1867-2,경기도 시흥시 정왕대로53번길 14,7530000,경기도교육청,7781000,경기도시흥교육지원청,2013-11-29,2020-09-22,37.3561223736,126.7251311892,2021-03-25,7001220,한국교원대학교
B000008031,고산초등학교,초등학교,1945-05-01,공립,본교,운영,제주특별자치도 제주시 한경면 고산리 2684-1,제주특별자치도 제주시 한경면 고산로1길 16,9290000,제주특별자치도교육청,9296000,제주특별자치도제주시교육지원청,2013-11-29,2020-09-22,33.3045269693,126.1768734874,2021-03-25,7001220,한국교원대학교
B000025226,인천송일초등학교,초등학교,2015-09-01,공립,본교,운영,인천광역시 연수구 송도동 107,인천광역시 연수구 컨벤시아대로252번길 15,7310000,인천광역시교육청,7341000,인천광역시동부교육지원청,2013-11-29,2020-09-22,37.3841880193,126.6351350058,2021-03-25,7001220,한국교원대학교
B000025193,인천만월초등학교,초등학교,1989-03-01,공립,본교,운영,인천광역시 남동구 구월동 1521,인천광역시 남동구 선수촌로 28,7310000,인천광역시교육청,7341000,인천광역시동부교육지원청,2013-11-29,2020-09-22,37.4418066158,126.7155207512,2021-03-25,7001220,한국교원대학교
B000009263,대안여자중학교,중학교,1986-03-01,공립,본교,운영,경기도 안양시 동안구 호계동 1233,경기도 안양시 동안구 흥안대로223번길 46,7530000,경기도교육청,7569000,경기도안양과천교육지원청,2013-11-29,2020-09-22,37.3771591040,126.9651001856,2021-03-25,7001220,한국교원대학교
B000009058,대전하기중학교,중학교,2006-03-01,공립,본교,운영,대전광역시 유성구 하기동 520,대전광역시 유성구 송림로48번길 6-30,7430000,대전광역시교육청,7451000,대전광역시서부교육지원청,2013-11-29,2020-09-22,36.3858890732,127.3222049387,2021-03-25,7001220,한국교원대학교
B000026215,목감고등학교,고등학교,2020-03-01,공립,본교,운영,경기도 시흥시 조남동 387,경기도 시흥시 목감둘레로 150,7530000,경기도교육청,7781000,경기도시흥교육지원청,2013-11-29,2021-03-23,37.3722233929,126.8571834279,2021-03-25,7001220,한국교원대학교
B000008529,남천중학교,중학교,1984-12-29,공립,본교,운영,부산광역시 남구 대연동 455-12,부산광역시 남구 황령대로492번길 71,7150000,부산광역시교육청,7181000,부산광역시남부교육지원청,2013-11-29,2020-09-22,35.1366035891,129.1052341272,2021-03-25,7001220,한국교원대학교
B000012085,정신여자고등학교,고등학교,1887-10-20,사립,본교,운영,서울특별시 송파구 잠실동 50-4,서울특별시 송파구 올림픽로4길 16,7010000,서울특별시교육청,7130000,서울특별시강동송파교육지원청,2013-11-29,2020-09-22,37.5094538398,127.0738473291,2021-03-25,7001220,한국교원대학교
B000008913,문화중학교,중학교,1984-03-08,공립,본교,운영,광주광역시 북구 우산동 118-4,광주광역시 북구 면앙로 111,7380000,광주광역시교육청,7391000,광주광역시동부교육지원청,2013-11-29,2020-09-22,35.1784669374,126.9239161728,2021-03-25,7001220,한국교원대학교
B000011367,부산영상예술고등학교,고등학교,1955-04-25,공립,본교,운영,부산광역시 영도구 신선동3가 71-1,부산광역시 영도구 영상길 100,7150000,부산광역시교육청,7171000,부산광역시서부교육지원청,2013-11-29,2020-09-22,35.0851361332,129.0449174687,2021-03-25,7001220,한국교원대학교
B000011565,김화공업고등학교,고등학교,1968-04-25,공립,본교,운영,강원도 철원군 서면 와수리 589-5,강원도 철원군 서면 와수1로 72,7800000,강원도교육청,7931000,강원도철원교육지원청,2013-11-29,2020-09-22,38.2434075644,127.4349464,2021-03-25,7001220,한국교원대학교
B000002850,대구태전초등학교,초등학교,1994-03-01,공립,본교,운영,대구광역시 북구 태전동 957,대구광역시 북구 칠곡중앙대로75길 16,7240000,대구광역시교육청,7261000,대구광역시서부교육지원청,2013-11-29,2020-09-22,35.9302459544,128.5460016,2021-03-25,7001220,한국교원대학교
B000012960,대흥고등학교,고등학교,1966-02-22,사립,본교,운영,충청남도 예산군 대흥면 상중리 231,충청남도 예산군 대흥면 예당로 845,8140000,충청남도교육청,8271000,충청남도예산교육지원청,2013-11-29,2020-09-22,36.6054865611,126.7916055894,2021-03-25,7001220,한국교원대학교
B000009073,성안중학교,중학교,2001-03-05,공립,본교,운영,울산광역시 중구 성안동 519-8,울산광역시 중구 성안2길 30,7480000,울산광역시교육청,7491000,울산광역시강북교육지원청,2013-11-29,2020-09-22,35.57278036,129.3178978152,2021-03-25,7001220,한국교원대학교
B000003499,성안초등학교,초등학교,1962-03-01,공립,본교,운영,울산광역시 중구 성안동 797-1,울산광역시 중구 함월14길 19,7480000,울산광역시교육청,7491000,울산광역시강북교육지원청,2013-11-29,2020-09-22,35.5765611862,129.3124344389,2021-03-25,7001220,한국교원대학교
B000005840,합천초등학교,초등학교,1970-03-01,공립,본교,운영,충청남도 청양군 화성면 산정리 243,충청남도 청양군 화성면 무한로 88,8140000,충청남도교육청,8251000,충청남도청양교육지원청,2013-11-29,2020-09-22,36.4258647600,126.7146112070,2021-03-25,7001220,한국교원대학교
B000010266,군산대성중학교,중학교,1966-03-11,사립,본교,운영,전라북도 군산시 임피면 읍내리 535-4,전라북도 군산시 임피면 임피향교길 44-6,8320000,전라북도교육청,8341000,전라북도군산교육지원청,2013-11-29,2020-09-22,35.9886302281,126.8486974363,2021-03-25,7001220,한국교원대학교
B000002773,대구동문초등학교,초등학교,1982-12-06,공립,본교,운영,대구광역시 수성구 만촌동 262,대구광역시 수성구 효행로2길 111,7240000,대구광역시교육청,7251000,대구광역시동부교육지원청,2013-11-29,2020-09-22,35.87481761,128.6524257819,2021-03-25,7001220,한국교원대학교
B000005003,상평초등학교현서분교장,초등학교,1942-09-20,공립,분교,운영,강원도 양양군 서면 서림리 74-1,강원도 양양군 서면 구룡령로 2115,7800000,강원도교육청,7862000,강원도속초양양교육지원청,2013-11-29,2020-09-22,37.98772697,128.5298790213,2021-03-25,7001220,한국교원대학교
B000008343,원촌중학교,중학교,1983-03-01,공립,본교,운영,서울특별시 서초구 반포동 22,서울특별시 서초구 사평대로45길 10,7010000,서울특별시교육청,7091300,서울특별시강남서초교육지원청,2013-11-29,2020-09-22,37.5063251046,127.0146997242,2021-03-25,7001220,한국교원대학교
B000012197,경상여자고등학교,고등학교,1957-05-25,사립,본교,운영,대구광역시 북구 침산동 810-1,대구광역시 북구 침산남로9길 164,7240000,대구광역시교육청,7261000,대구광역시서부교육지원청,2013-11-29,2020-09-22,35.9005419608,128.5878438624,2021-03-25,7001220,한국교원대학교
B000025605,일광초등학교,초등학교,2020-03-01,공립,본교,운영,부산광역시 기장군 일광면 삼성리 295-4,부산광역시 기장군 일광면 해빛로 46,7150000,부산광역시교육청,7211000,부산광역시해운대교육지원청,2013-11-29,2021-03-23,35.2682104410,129.2230224915,2021-03-25,7001220,한국교원대학교
B000004857,춘천삼육초등학교,초등학교,1955-04-01,사립,본교,운영,강원도 춘천시 동면 장학리 568-1,강원도 춘천시 동면 방죽길 56-10,7800000,강원도교육청,7811000,강원도춘천교육지원청,2013-11-29,2020-09-22,37.9115968117,127.7543199887,2021-03-25,7001220,한국교원대학교
B000004990,상평초등학교,초등학교,1934-10-10,공립,본교,운영,강원도 양양군 서면 상평리 18,강원도 양양군 서면 물윗구미길 25,7800000,강원도교육청,7862000,강원도속초양양교육지원청,2013-11-29,2020-09-22,38.0734151504,128.5859388587,2021-03-25,7001220,한국교원대학교
B000002306,서울강남초등학교,초등학교,1945-11-02,공립,본교,운영,서울특별시 동작구 상도1동 501-1,서울특별시 동작구 강남초등길 15,7010000,서울특별시교육청,7132000,서울특별시동작관악교육지원청,2013-11-29,2020-09-22,37.50619275,126.9533591417,2021-03-25,7001220,한국교원대학교
B000007684,계동초등학교,초등학교,2002-09-02,공립,본교,운영,경상남도 김해시 대청동 333-1,경상남도 김해시 계동로 96,9010000,경상남도교육청,9091000,경상남도김해교육지원청,2013-11-29,2020-09-22,35.1847880996,128.7956853868,2021-03-25,7001220,한국교원대학교
B000009017,신탄진중학교,중학교,1965-03-05,사립,본교,운영,대전광역시 대덕구 석봉동 311-1,대전광역시 대덕구 석봉로 15,7430000,대전광역시교육청,7441000,대전광역시동부교육지원청,2013-11-29,2020-09-22,36.4473121403,127.4234778784,2021-03-25,7001220,한국교원대학교
B000012182,대구동부고등학교,고등학교,1988-03-01,사립,본교,운영,대구광역시 동구 각산동 199,대구광역시 동구 반야월북로 199,7240000,대구광역시교육청,7251000,대구광역시동부교육지원청,2013-11-29,2020-09-22,35.8742902325,128.7190722231,2021-03-25,7001220,한국교원대학교
B000011767,밀성제일고등학교,고등학교,1974-01-05,사립,본교,운영,경상남도 밀양시 내이동 590-1,경상남도 밀양시 밀양대로 2078,9010000,경상남도교육청,9101000,경상남도밀양교육지원청,2013-11-29,2020-09-22,35.5021831770,128.7501449735,2021-03-25,7001220,한국교원대학교
B000007699,안명초등학교,초등학교,1948-03-25,공립,본교,운영,경상남도 김해시 한림면 안하리 346-1,경상남도 김해시 한림면 안하로 28,9010000,경상남도교육청,9091000,경상남도김해교육지원청,2013-11-29,2020-09-22,35.3044161360,128.8280099760,2021-03-25,7001220,한국교원대학교
B000003484,대전배울초등학교,초등학교,2006-03-01,공립,본교,운영,대전광역시 유성구 관평동 663,대전광역시 유성구 배울2로 8,7430000,대전광역시교육청,7451000,대전광역시서부교육지원청,2013-11-29,2020-09-22,36.4219076985,127.3841459188,2021-03-25,7001220,한국교원대학교
B000005004,상평초등학교공수전분교장,초등학교,1946-05-25,공립,분교,운영,강원도 양양군 서면 공수전리 31-6,강원도 양양군 서면 구룡령로 2855,7800000,강원도교육청,7862000,강원도속초양양교육지원청,2013-11-29,2020-09-22,38.0417294,128.5572519583,2021-03-25,7001220,한국교원대학교
B000012883,진천고등학교,고등학교,1977-03-05,공립,본교,운영,충청북도 진천군 진천읍 신정리 590,충청북도 진천군 진천읍 문화12길 48,8000000,충청북도교육청,8081000,충청북도진천교육지원청,2013-11-29,2020-09-22,36.8539549015,127.4499541749,2021-03-25,7001220,한국교원대학교
B000009840,옥동중학교,중학교,1971-12-31,공립,본교,운영,강원도 영월군 김삿갓면 옥동리 402,강원도 영월군 김삿갓면 영월동로 1664,7800000,강원도교육청,7901000,강원도영월교육지원청,2013-11-29,2020-09-22,37.12816565,128.5706667509,2021-03-25,7001220,한국교원대학교
B000005098,옥동초등학교,초등학교,1925-10-01,공립,본교,운영,강원도 영월군 김삿갓면 옥동리 429,강원도 영월군 김삿갓면 영월동로 1679,7800000,강원도교육청,7901000,강원도영월교육지원청,2013-11-29,2020-09-22,37.1304805973,128.5698387468,2021-03-25,7001220,한국교원대학교
B000011177,양주중학교,중학교,1970-03-16,공립,본교,운영,경상남도 양산시 상북면 석계리 51,경상남도 양산시 상북면 양주마을2길 18,9010000,경상남도교육청,9151000,경상남도양산교육지원청,2013-11-29,2020-09-22,35.4151766474,129.0677567691,2021-03-25,7001220,한국교원대학교
B000009324,서천중학교,중학교,2011-03-01,공립,본교,운영,경기도 용인시 기흥구 서천동 796,경기도 용인시 기흥구 서천동로 7,7530000,경기도교육청,7751000,경기도용인교육지원청,2013-11-29,2020-09-22,37.2400191101,127.0758949119,2021-03-25,7001220,한국교원대학교
B000012550,성복고등학교,고등학교,2011-03-01,공립,본교,운영,경기도 용인시 수지구 성복동 782,경기도 용인시 수지구 도마치로 92,7530000,경기도교육청,7751000,경기도용인교육지원청,2013-11-29,2020-09-22,37.3233634360,127.0611228,2021-03-25,7001220,한국교원대학교
B000011813,부산국제외국어고등학교,고등학교,2004-03-01,사립,본교,운영,부산광역시 해운대구 우동 1025-127,부산광역시 해운대구 해운대로469번길 50-1,7150000,부산광역시교육청,7211000,부산광역시해운대교육지원청,2013-11-29,2020-09-22,35.1659188356,129.1443578258,2021-03-25,7001220,한국교원대학교
B000008641,불로중학교,중학교,1991-03-01,공립,본교,운영,대구광역시 동구 불로동 1010,대구광역시 동구 방천로5길 8,7240000,대구광역시교육청,7251000,대구광역시동부교육지원청,2013-11-29,2020-09-22,35.8983006107,128.6344118224,2021-03-25,7001220,한국교원대학교
